ГѓВЇГ‚В»Г‚Вїdate_notation;titre;titre_original;auteurs;sortie;note;pays
03/10/2015;Cyprien;;David Charhon;25/02/2009;3;France
03/10/2015;Evil Dead;The Evil Dead;Sam Raimi;15/10/1981;8;ГѓВѓГ‚В‰tats-Unis
03/10/2015;AstГѓВѓГ‚В©rix & ObГѓВѓГ‚В©lix - Au service de Sa MajestГѓВѓГ‚В©;;Laurent Tirard;17/10/2012;6;France
03/10/2015;A.I. Intelligence Artificielle;A.I. Artificial Intelligence;Steven Spielberg;29/06/2001;5;ГѓВѓГ‚В‰tats-Unis
03/10/2015;Captain America - First Avenger;Captain America: The First Avenger;Joe Johnston;22/07/2011;5;ГѓВѓГ‚В‰tats-Unis
03/10/2015;Transformers - L'ГѓВѓГ‚В‚ge de l'extinction;Transformers: Age of Extinction;Michael Bay;27/06/2014;6;ГѓВѓГ‚В‰tats-Unis
03/10/2015;Sur la piste du Marsupilami;;Alain Chabat;04/04/2012;4;France
03/10/2015;LOL (Laughing Out Loud) ГѓВ‚Г‚В®;;Lisa Azuelos;04/02/2009;7;France
03/10/2015;Slumdog Millionaire;;Danny Boyle, Loveleen Tandan;05/12/2008;7;Royaume-Uni
03/10/2015;Casse-tГѓВѓГ‚ВЄte chinois;;CГѓВѓГ‚В©dric Klapisch;04/12/2013;7;France
03/10/2015;Flight;;Robert Zemeckis;02/11/2012;8;ГѓВѓГ‚В‰tats-Unis
03/10/2015;Les BronzГѓВѓГ‚В©s 3 - Amis pour la vie;;Patrice Leconte;01/02/2006;3;France
03/10/2015;Les Beaux Gosses;;Riad Sattouf;10/06/2009;8;France
03/10/2015;Transformers 2 - La Revanche;Transformers: Revenge of the Fallen;Michael Bay;19/06/2009;6;ГѓВѓГ‚В‰tats-Unis
03/10/2015;Les Simpson, le film;The Simpsons Movie;David Silverman;26/07/2007;7;ГѓВѓГ‚В‰tats-Unis
03/10/2015;300 : La Naissance d'un empire;300: Rise of an Empire;Noam Murro;07/03/2014;5;ГѓВѓГ‚В‰tats-Unis
03/10/2015;The Social Network;;David Fincher;01/10/2010;6;ГѓВѓГ‚В‰tats-Unis
03/10/2015;Mars Attacks!;;Tim Burton;13/12/1996;7;ГѓВѓГ‚В‰tats-Unis
03/10/2015;Les Couloirs du temps - Les Visiteurs II;;Jean-Marie PoirГѓВѓГ‚В©;11/02/1998;7;France
03/10/2015;Ponyo sur la falaise;Gake no ue no Ponyo;Hayao Miyazaki;19/07/2008;9;Japon
03/10/2015;Maman, j'ai ratГѓВѓГ‚В© l'avion !;Home Alone;Chris Columbus;16/11/1990;7;ГѓВѓГ‚В‰tats-Unis
03/10/2015;Men in Black;;Barry Sonnenfeld;02/07/1997;8;ГѓВѓГ‚В‰tats-Unis
03/10/2015;Volt, star malgrГѓВѓГ‚В© lui;Bolt;Byron Howard, Chris Williams;21/11/2008;6;ГѓВѓГ‚В‰tats-Unis
03/10/2015;Happiness Therapy;Silver Linings Playbook;David O. Russell;21/11/2012;7;ГѓВѓГ‚В‰tats-Unis
03/10/2015;Men in Black 3;;Barry Sonnenfeld;25/05/2012;5;ГѓВѓГ‚В‰tats-Unis
03/10/2015;L'ГѓВѓГ‚В‚ge de glace 2;Ice Age: The Meltdown;Carlos Saldanha;31/03/2006;7;ГѓВѓГ‚В‰tats-Unis
03/10/2015;Le monde ne suffit pas;The World Is Not Enough;Michael Apted;18/11/1999;6;Royaume-Uni
03/10/2015;Avatar;;James Cameron;16/12/2009;9;ГѓВѓГ‚В‰tats-Unis
03/10/2015;Iron Man;;Jon Favreau;30/04/2008;6;ГѓВѓГ‚В‰tats-Unis
03/10/2015;Taken 2;;Olivier Megaton;03/10/2012;6;France
03/10/2015;Peter Pan;;Clyde Geronimi, Wilfred Jackson, Hamilton Luske;05/02/1953;7;ГѓВѓГ‚В‰tats-Unis
03/10/2015;Les BronzГѓВѓГ‚В©s font du ski;;Patrice Leconte;22/11/1979;8;France
03/10/2015;La Famille BГѓВѓГ‚В©lier;;ГѓВѓГ‚В‰ric Lartigau;17/12/2014;4;France
03/10/2015;Shrek;;Andrew Adamson, Vicky Jenson;18/05/2001;8;ГѓВѓГ‚В‰tats-Unis
03/10/2015;Expendables 2 - UnitГѓВѓГ‚В© spГѓВѓГ‚В©ciale;The Expendables 2;Simon West;15/08/2012;3;ГѓВѓГ‚В‰tats-Unis
03/10/2015;L'ГѓВѓГ‚В‰cume des jours;;Michel Gondry;24/04/2013;4;France
03/10/2015;Retour vers le futur 2;Back to the Future Part II;Robert Zemeckis;22/11/1989;7;ГѓВѓГ‚В‰tats-Unis
03/10/2015;Tron - L'HГѓВѓГ‚В©ritage;Tron: Legacy;Joseph Kosinski;15/12/2010;7;ГѓВѓГ‚В‰tats-Unis
03/10/2015;Les Mondes de Ralph;Wreck-It Ralph;Rich Moore;02/11/2012;7;ГѓВѓГ‚В‰tats-Unis
03/10/2015;Night and Day;Knight and Day;James Mangold;16/06/2010;2;ГѓВѓГ‚В‰tats-Unis
03/10/2015;Camping;;Fabien Onteniente;26/04/2006;6;France
03/10/2015;Eragon;;Stefen Fangmeier;13/12/2006;4;ГѓВѓГ‚В‰tats-Unis
03/10/2015;Fous d'IrГѓВѓГ‚ВЁne;Me, Myself & Irene;Bobby Farrelly, Peter Farrelly;22/06/2000;7;ГѓВѓГ‚В‰tats-Unis
03/10/2015;S.O.S. FantГѓВѓГ‚Вґmes II;Ghostbusters II;Ivan Reitman;16/06/1989;7;ГѓВѓГ‚В‰tats-Unis
03/10/2015;Kick-Ass 2;;Jeff Wadlow;14/08/2013;6;ГѓВѓГ‚В‰tats-Unis
03/10/2015;Ratatouille;;Brad Bird, Jan Pinkava;28/06/2007;7;ГѓВѓГ‚В‰tats-Unis
03/10/2015;Bernie;;Albert Dupontel;27/11/1996;7;France
03/10/2015;Taxi 4;;GГѓВѓГ‚В©rard Krawczyk;14/02/2007;4;France
03/10/2015;Spider-Man;;Sam Raimi;01/05/2002;8;ГѓВѓГ‚В‰tats-Unis
03/10/2015;The Amazing Spider-Man;;Marc Webb;04/07/2012;6;ГѓВѓГ‚В‰tats-Unis
03/10/2015;AstГѓВѓГ‚В©rix aux Jeux olympiques;;FrГѓВѓГ‚В©dГѓВѓГ‚В©ric Forestier, Thomas Langmann;30/01/2008;7;France
03/10/2015;Her;;Spike Jonze;18/12/2013;3;ГѓВѓГ‚В‰tats-Unis
03/10/2015;Spider-Man 3;;Sam Raimi;01/05/2007;6;ГѓВѓГ‚В‰tats-Unis
03/10/2015;Charlie's Angels : Les Anges se dГѓВѓГ‚В©chaГѓВѓГ‚В®nent;Charlie's Angels: Full Throttle;McG;26/06/2003;4;ГѓВѓГ‚В‰tats-Unis
03/10/2015;Charlie et ses DrГѓВѓГ‚Вґles de Dames;Charlie's Angels;McG;03/11/2000;3;ГѓВѓГ‚В‰tats-Unis
03/10/2015;Hippocrate;;Thomas Lilti;03/09/2014;6;France
03/10/2015;Meurs un autre jour;Die Another Day;Lee Tamahori;20/11/2002;4;Royaume-Uni
03/10/2015;Divergente;Divergent;Neil Burger;21/03/2014;5;ГѓВѓГ‚В‰tats-Unis
03/10/2015;Shrek le TroisiГѓВѓГ‚ВЁme;Shrek the Third;Chris Miller, Raman Hui;06/05/2007;8;ГѓВѓГ‚В‰tats-Unis
03/10/2015;Le Discours d'un roi;The King's Speech;Tom Hooper;16/12/2010;8;Royaume-Uni
03/10/2015;Jumanji;;Joe Johnston;15/12/1995;7;ГѓВѓГ‚В‰tats-Unis
03/10/2015;Lone Ranger - Naissance d'un hГѓВѓГ‚В©ros;The Lone Ranger;Gore Verbinski;03/07/2013;3;ГѓВѓГ‚В‰tats-Unis
03/10/2015;Harry Potter et l'ordre du phГѓВѓГ‚В©nix;Harry Potter and the Order of the Phoenix;David Yates;12/07/2007;6;Royaume-Uni
03/10/2015;Le Monde fantastique d'Oz;Oz the Great and Powerful;Sam Raimi;14/02/2013;4;ГѓВѓГ‚В‰tats-Unis
03/10/2015;Thor - Le monde des tГѓВѓГ‚В©nГѓВѓГ‚ВЁbres;Thor: The Dark World;Alan Taylor;08/11/2013;3;ГѓВѓГ‚В‰tats-Unis
03/10/2015;Rebelle;Brave;Brenda Chapman, Mark Andrews, Steve Purcell;19/06/2012;4;ГѓВѓГ‚В‰tats-Unis
03/10/2015;Freaks - La Monstrueuse Parade;Freaks;Tod Browning;12/02/1932;7;ГѓВѓГ‚В‰tats-Unis
03/10/2015;Percy Jackson - Le Voleur de foudre;Percy Jackson and the Lightning Thief;Chris Columbus;10/02/2010;3;ГѓВѓГ‚В‰tats-Unis
03/10/2015;Mission: Impossible;;Brian De Palma;22/05/1996;8;ГѓВѓГ‚В‰tats-Unis
03/10/2015;Hancock;;Peter Berg;02/07/2008;6;ГѓВѓГ‚В‰tats-Unis
03/10/2015;Terminator - Renaissance;Terminator: Salvation;McG;21/05/2009;3;ГѓВѓГ‚В‰tats-Unis
03/10/2015;Invictus;;Clint Eastwood;11/12/2009;8;ГѓВѓГ‚В‰tats-Unis
03/10/2015;Les 4 Fantastiques;Fantastic Four;Tim Story;08/07/2005;3;ГѓВѓГ‚В‰tats-Unis
03/10/2015;Alice au pays des merveilles;Alice in Wonderland;Tim Burton;05/03/2010;8;ГѓВѓГ‚В‰tats-Unis
03/10/2015;NumГѓВѓГ‚В©ro quatre;I Am Number Four;D.J. Caruso;17/02/2011;7;ГѓВѓГ‚В‰tats-Unis
03/10/2015;Sherlock Holmes : Jeu d'ombres;Sherlock Holmes: A Game of Shadows;Guy Ritchie;14/12/2011;7;ГѓВѓГ‚В‰tats-Unis
03/10/2015;Les Tuche;;Olivier Baroux;01/07/2011;6;France
03/10/2015;Gatsby le magnifique;The Great Gatsby;Baz Luhrmann;10/05/2013;6;ГѓВѓГ‚В‰tats-Unis
03/10/2015;Dragons;How to Train Your Dragon;Dean Deblois, Chris Sanders;26/03/2010;6;ГѓВѓГ‚В‰tats-Unis
03/10/2015;ГѓВѓГ‚ВЂ la croisГѓВѓГ‚В©e des mondes - La Boussole d'or;The Golden Compass;Chris Weitz;05/12/2007;4;ГѓВѓГ‚В‰tats-Unis
03/10/2015;Les 4 Fantastiques et le Surfer d'Argent;Fantastic Four: Rise of the Silver Surfer;Tim Story;13/06/2007;5;ГѓВѓГ‚В‰tats-Unis
03/10/2015;Gang de requins;Shark Tale;ГѓВѓГ‚В‰ric Bergeron, Vicky Jenson, Rob Letterman;13/10/2004;7;ГѓВѓГ‚В‰tats-Unis
03/10/2015;Chouchou;;Merzak Allouache;19/03/2003;5;France
03/10/2015;Un jour sans fin;Groundhog Day;Harold Ramis;12/02/1993;8;ГѓВѓГ‚В‰tats-Unis
03/10/2015;Projet X;Project X;Nima Nourizadeh;01/03/2012;4;ГѓВѓГ‚В‰tats-Unis
03/10/2015;La VГѓВѓГ‚В©ritГѓВѓГ‚В© si je mens !;;Thomas Gilou;30/04/1997;6;France
03/10/2015;Le Roi Lion;The Lion King;Roger Allers, Rob Minkoff;15/06/1994;9;ГѓВѓГ‚В‰tats-Unis
03/10/2015;L'amour dure trois ans;;FrГѓВѓГ‚В©dГѓВѓГ‚В©ric Beigbeder;18/01/2012;2;France
03/10/2015;X-Men - L'affrontement final;X-Men: The Last Stand;Brett Ratner;26/05/2006;5;ГѓВѓГ‚В‰tats-Unis
03/10/2015;Time Out;In Time;Andrew Niccol;26/10/2011;8;ГѓВѓГ‚В‰tats-Unis
03/10/2015;...Et pour quelques dollars de plus;Per qualche dollaro in piГѓВѓГ‚В№;Sergio Leone;18/12/1965;6;Italie
03/10/2015;Madagascar;;Eric Darnell, Tom McGrath;27/05/2005;6;ГѓВѓГ‚В‰tats-Unis
03/10/2015;Men in Black II;;Barry Sonnenfeld;03/07/2002;6;ГѓВѓГ‚В‰tats-Unis
03/10/2015;Taxi;;GГѓВѓГ‚В©rard PirГѓВѓГ‚ВЁs;08/04/1998;7;France
03/10/2015;Hugo Cabret;Hugo;Martin Scorsese;23/11/2011;7;ГѓВѓГ‚В‰tats-Unis
03/10/2015;Big Fish;;Tim Burton;10/12/2003;6;ГѓВѓГ‚В‰tats-Unis
03/10/2015;La vie est un long fleuve tranquille;;ГѓВѓГ‚В‰tienne Chatiliez;03/02/1988;8;France
03/10/2015;Gravity;;Alfonso CuarГѓВѓГ‚Віn;04/10/2013;7;ГѓВѓГ‚В‰tats-Unis
03/10/2015;Le Jour d'aprГѓВѓГ‚ВЁs;The Day After Tomorrow;Roland Emmerich;26/05/2004;3;ГѓВѓГ‚В‰tats-Unis
03/10/2015;TempГѓВѓГ‚ВЄte de boulettes gГѓВѓГ‚В©antes;Cloudy with a Chance of Meatballs;Phil Lord, Christopher Miller;21/10/2009;5;ГѓВѓГ‚В‰tats-Unis
03/10/2015;Bambi;;James Algar, Samuel Armstrong, David Hand, Graham Heid, Bill Roberts, Paul Satterfield, Norman Wright;08/08/1942;8;ГѓВѓГ‚В‰tats-Unis
03/10/2015;Star Wars - ГѓВѓГ‚В‰pisode III : La Revanche des Sith;Star Wars: Episode III - Revenge of the Sith;George Lucas;17/05/2005;8;ГѓВѓГ‚В‰tats-Unis
03/10/2015;Superman Returns;;Bryan Singer;28/06/2006;3;ГѓВѓГ‚В‰tats-Unis
03/10/2015;Maman, j'ai encore ratГѓВѓГ‚В© l'avion...;Home Alone 2;Chris Columbus;20/11/1992;8;ГѓВѓГ‚В‰tats-Unis
03/10/2015;Fourmiz;Antz;Eric Darnell, Tim Johnson;02/10/1998;7;ГѓВѓГ‚В‰tats-Unis
03/10/2015;Taxi 2;;GГѓВѓГ‚В©rard Krawczyk;29/03/2000;5;France
03/10/2015;La Reine des Neiges;Frozen;Chris Buck, Jennifer Lee;27/11/2013;4;ГѓВѓГ‚В‰tats-Unis
03/10/2015;Hunger Games;The Hunger Games;Gary Ross;21/03/2012;8;ГѓВѓГ‚В‰tats-Unis
03/10/2015;Man of Steel;;Zack Snyder;14/06/2013;2;ГѓВѓГ‚В‰tats-Unis
03/10/2015;Matrix Reloaded;The Matrix Reloaded;Lilly Wachowski, Lana Wachowski;15/05/2003;7;ГѓВѓГ‚В‰tats-Unis
03/10/2015;Qu'est-ce qu'on a fait au Bon Dieu ?;;Philippe de Chauveron;16/04/2014;4;France
03/10/2015;Mary Poppins;;Robert Stevenson;27/08/1964;7;ГѓВѓГ‚В‰tats-Unis
03/10/2015;Hitman;;Xavier Gens;26/12/2007;1;France
03/10/2015;Rox et Rouky;The Fox and the Hound;Richard Rich, Ted Berman, Art Stevens;10/07/1981;7;ГѓВѓГ‚В‰tats-Unis
03/10/2015;Gremlins 2 - La Nouvelle GГѓВѓГ‚В©nГѓВѓГ‚В©ration;Gremlins 2: The New Batch;Joe Dante;15/06/1990;4;ГѓВѓГ‚В‰tats-Unis
03/10/2015;Edge of Tomorrow;;Doug Liman;28/05/2014;8;ГѓВѓГ‚В‰tats-Unis
03/10/2015;Dragons 2;How to Train Your Dragon 2;Dean Deblois;20/06/2014;4;ГѓВѓГ‚В‰tats-Unis
03/10/2015;Prince of Persia - Les Sables du temps;Prince of Persia: The Sands of Time;Mike Newell;19/05/2010;6;ГѓВѓГ‚В‰tats-Unis
03/10/2015;Le Dictateur;The Great Dictator;Charlie Chaplin;15/10/1940;8;ГѓВѓГ‚В‰tats-Unis
03/10/2015;Transformers 3 - La Face cachГѓВѓГ‚В©e de la Lune;Transformers: Dark of the Moon;Michael Bay;29/06/2011;5;ГѓВѓГ‚В‰tats-Unis
03/10/2015;Top Gun;;Tony Scott;16/05/1986;7;ГѓВѓГ‚В‰tats-Unis
03/10/2015;Madame Doubtfire;Mrs. Doubtfire;Chris Columbus;24/11/1993;7;ГѓВѓГ‚В‰tats-Unis
03/10/2015;Le Monde de Narnia - Le Prince Caspian;The Chronicles of Narnia: Prince Caspian;Andrew Adamson;25/06/2008;7;ГѓВѓГ‚В‰tats-Unis
03/10/2015;Le Bon, la Brute et le Truand;Il buono, il brutto, il cattivo;Sergio Leone;23/12/1966;8;Italie
03/10/2015;Harry Potter et le prisonnier d'Azkaban;Harry Potter and the Prisoner of Azkaban;Alfonso CuarГѓВѓГ‚Віn;23/05/2004;6;Royaume-Uni
03/10/2015;Retour vers le futur 3;Back to the Future Part III;Robert Zemeckis;25/05/1990;6;ГѓВѓГ‚В‰tats-Unis
03/10/2015;Apollo 13;;Ron Howard;30/06/1995;3;ГѓВѓГ‚В‰tats-Unis
03/10/2015;The Amazing Spider-Man - Le Destin d'un hГѓВѓГ‚В©ros;The Amazing Spider-Man 2;Marc Webb;02/05/2014;3;ГѓВѓГ‚В‰tats-Unis
03/10/2015;Hunger Games : La RГѓВѓГ‚В©volte, partie 1;The Hunger Games: Mockingjay, Part 1;Francis Lawrence;21/11/2014;7;ГѓВѓГ‚В‰tats-Unis
03/10/2015;Le Boulet;;Alain BerbГѓВѓГ‚В©rian, FrГѓВѓГ‚В©dГѓВѓГ‚В©ric Forestier;10/04/2002;6;France
03/10/2015;Match Point;;Woody Allen;26/10/2005;4;Royaume-Uni
03/10/2015;Austin Powers;Austin Powers: International Man of Mystery;Jay Roach;02/05/1997;6;ГѓВѓГ‚В‰tats-Unis
03/10/2015;Batman & Robin;;Joel Schumacher;20/06/1997;3;ГѓВѓГ‚В‰tats-Unis
03/10/2015;Hitch, expert en sГѓВѓГ‚В©duction;Hitch;Andy Tennant;11/02/2005;8;ГѓВѓГ‚В‰tats-Unis
03/10/2015;Dr. Dolittle;Doctor Dolittle;Betty Thomas;26/06/1998;7;ГѓВѓГ‚В‰tats-Unis
03/10/2015;Demain ne meurt jamais;Tomorrow Never Dies;Roger Spottiswoode;12/12/1997;6;Royaume-Uni
03/10/2015;South Park, le film;South Park: Bigger, Longer & Uncut;Trey Parker;30/06/1999;5;ГѓВѓГ‚В‰tats-Unis
03/10/2015;De battre mon cГѓВ…Г‚В“ur s'est arrГѓВѓГ‚ВЄtГѓВѓГ‚В©;;Jacques Audiard;16/03/2005;7;France
03/10/2015;In the Air;Up in the Air;Jason Reitman;04/12/2009;4;ГѓВѓГ‚В‰tats-Unis
03/10/2015;Stuart Little;;Rob Minkoff;17/12/1999;8;ГѓВѓГ‚В‰tats-Unis
03/10/2015;Kung Fu Panda 2;;Jennifer Yuh Nelson;26/05/2011;7;ГѓВѓГ‚В‰tats-Unis
03/10/2015;Hunger Games - L'Embrasement;The Hunger Games: Catching Fire;Francis Lawrence;22/11/2013;6;ГѓВѓГ‚В‰tats-Unis
03/10/2015;Je suis une lГѓВѓГ‚В©gende;I Am Legend;Francis Lawrence;05/12/2007;8;ГѓВѓГ‚В‰tats-Unis
03/10/2015;Dumb & Dumber;Dumb and Dumber;Peter Farrelly, Bobby Farrelly;16/12/1994;7;ГѓВѓГ‚В‰tats-Unis
03/10/2015;Bienvenue ГѓВѓГ‚В  Gattaca;Gattaca;Andrew Niccol;24/10/1997;8;ГѓВѓГ‚В‰tats-Unis
03/10/2015;Iron Man 2;;Jon Favreau;07/05/2010;8;ГѓВѓГ‚В‰tats-Unis
03/10/2015;Le Retour du Jedi;Star Wars Episode VI: Return of the Jedi;Richard Marquand;25/05/1983;9;ГѓВѓГ‚В‰tats-Unis
03/10/2015;Battle Royale;Batoru rowaiaru;Kinji Fukasaku;16/12/2000;8;Japon
03/10/2015;Garfield, le film;Garfield: The Movie;Peter Hewitt;11/08/2004;5;ГѓВѓГ‚В‰tats-Unis
03/10/2015;Lara Croft: Tomb Raider;;Simon West;14/06/2001;1;Royaume-Uni
03/10/2015;Pirates des CaraГѓВѓГ‚ВЇbes : La Fontaine de Jouvence;Pirates of the Caribbean: On Stranger Tides;Rob Marshall;20/05/2011;8;ГѓВѓГ‚В‰tats-Unis
03/10/2015;Gremlins;;Joe Dante;08/06/1984;5;ГѓВѓГ‚В‰tats-Unis
03/10/2015;Twilight : Chapitre 1 - Fascination;Twilight;Catherine Hardwicke;20/11/2008;7;ГѓВѓГ‚В‰tats-Unis
03/10/2015;La Rafle;;Rose Bosch;10/03/2010;8;France
03/10/2015;Brice de Nice;;James Huth;06/04/2005;7;France
03/10/2015;Eternal Sunshine of the Spotless Mind;;Michel Gondry;19/03/2004;9;ГѓВѓГ‚В‰tats-Unis
03/10/2015;Spider-Man 2;;Sam Raimi;25/06/2004;6;ГѓВѓГ‚В‰tats-Unis
03/10/2015;Fast & Furious 6;Furious 6;Justin Lin;24/05/2013;3;ГѓВѓГ‚В‰tats-Unis
03/10/2015;Moonrise Kingdom;;Wes Anderson;25/05/2012;6;ГѓВѓГ‚В‰tats-Unis
03/10/2015;Les Profs;;Pierre-FranГѓВѓГ‚В§ois Martin-Laval;17/04/2013;3;France
03/10/2015;AstГѓВѓГ‚В©rix & ObГѓВѓГ‚В©lix contre CГѓВѓГ‚В©sar;;Claude Zidi;03/02/1999;7;France
03/10/2015;Twilight : Chapitre 2 - Tentation;The Twilight Saga: New Moon;Chris Weitz;18/11/2009;7;ГѓВѓГ‚В‰tats-Unis
03/10/2015;Indiana Jones et le Royaume du crГѓВѓГ‚Вўne de cristal;Indiana Jones and the Kingdom of the Crystal Skull;Steven Spielberg;21/05/2008;6;ГѓВѓГ‚В‰tats-Unis
03/10/2015;Shrek 4 - Il ГѓВѓГ‚В©tait une fin;Shrek Forever After;Mike Mitchell;20/05/2010;7;ГѓВѓГ‚В‰tats-Unis
03/10/2015;Les 101 Dalmatiens;101 Dalmatians;Stephen Herek;27/11/1996;8;ГѓВѓГ‚В‰tats-Unis
03/10/2015;La Cabane dans les bois;The Cabin in the Woods;Drew Goddard;12/04/2012;7;ГѓВѓГ‚В‰tats-Unis
03/10/2015;Taxi 3;;GГѓВѓГ‚В©rard Krawczyk;29/01/2003;5;France
03/10/2015;Retour vers le futur;Back to the Future;Robert Zemeckis;03/07/1985;8;ГѓВѓГ‚В‰tats-Unis
03/10/2015;Chronicle;;Josh Trank;01/02/2012;8;ГѓВѓГ‚В‰tats-Unis
03/10/2015;AstГѓВѓГ‚В©rix & ObГѓВѓГ‚В©lix - Mission ClГѓВѓГ‚В©opГѓВѓГ‚Вўtre;;Alain Chabat;30/01/2002;7;France
16/04/2016;Je fais le mort;;Jean-Paul SalomГѓВѓГ‚В©;11/12/2013;7;France
16/04/2016;Le Salaire de la peur;;Henri-Georges Clouzot;22/04/1953;8;France
16/04/2016;Spartatouille;Meet the Spartans;Jason Friedberg, Aaron Seltzer;16/07/2008;7;ГѓВѓГ‚В‰tats-Unis
16/04/2016;La PremiГѓВѓГ‚ВЁre ГѓВѓГ‚В‰toile;;Lucien Jean-Baptiste;25/03/2009;6;France
17/04/2016;La Gloire de mon pГѓВѓГ‚ВЁre;;Yves Robert;29/08/1990;7;France
17/04/2016;La Cartouche;;ThГѓВѓГ‚В©odore Bonnet;25/01/2016;6;France
17/04/2016;Fatal;;MichaГѓВѓГ‚В«l Youn;16/06/2010;6;France
17/04/2016;Monster House;;Gil Kenan;15/06/2006;7;ГѓВѓГ‚В‰tats-Unis
17/04/2016;Le Labyrinthe - La terre brГѓВѓГ‚В»lГѓВѓГ‚В©e;Maze Runner: The Scorch Trials;Wes Ball;18/09/2015;5;ГѓВѓГ‚В‰tats-Unis
17/04/2016;Big Mamma;Big Momma's House;Raja Gosnell;02/06/2000;7;ГѓВѓГ‚В‰tats-Unis
28/04/2016;Happy Feet 2;Happy Feet Two;George Miller, Gary Eck, David Peers;17/11/2011;7;ГѓВѓГ‚В‰tats-Unis
28/04/2016;Le Gendarme et les gendarmettes;;Jean Girault;06/10/1982;7;France
28/04/2016;Octopussy;;John Glen;06/06/1983;6;Royaume-Uni
26/08/2016;Je vous trouve trГѓВѓГ‚ВЁs beau;;Isabelle Mergault;07/11/2005;7;France
26/08/2016;L'Aile ou la Cuisse;;Claude Zidi;27/10/1976;8;France
26/08/2016;Billy Elliot;;Stephen Daldry;29/09/2000;6;Royaume-Uni
26/08/2016;Bee Movie : DrГѓВѓГ‚Вґle d'abeille;Bee Movie;Simon J. Smith, Steve Hickner;12/12/2007;6;ГѓВѓГ‚В‰tats-Unis
26/08/2016;Le Monde de Dory;Finding Dory;Andrew Stanton, Angus MacLane;22/06/2016;7;ГѓВѓГ‚В‰tats-Unis
26/08/2016;Money Monster;;Jodie Foster;13/05/2016;6;ГѓВѓГ‚В‰tats-Unis
26/08/2016;La Classe amГѓВѓГ‚В©ricaine;;Michel Hazanavicius, Dominique MГѓВѓГ‚В©zerette;31/12/1993;8;France
26/08/2016;C'est arrivГѓВѓГ‚В© prГѓВѓГ‚ВЁs de chez vous;;RГѓВѓГ‚В©my Belvaux, AndrГѓВѓГ‚В© Bonzel, BenoГѓВѓГ‚В®t Poelvoorde;20/08/1992;7;Belgique
26/08/2016;Ridicule;;Patrice Leconte;09/05/1996;7;France
26/08/2016;Les Diaboliques;;Henri-Georges Clouzot;29/01/1955;8;France
31/08/2016;Papa ou Maman;;Martin Bourboulon;04/02/2015;7;France
04/04/2020;Dark Waters;;Todd Haynes;22/11/2019;9;ГѓВѓГ‚В‰tats-Unis
04/04/2020;Le Loup de Wall Street;The Wolf of Wall Street;Martin Scorsese;25/12/2013;8;ГѓВѓГ‚В‰tats-Unis
04/04/2020;Jojo Rabbit;;Taika Waititi;18/10/2019;7;ГѓВѓГ‚В‰tats-Unis
04/04/2020;Sonatine - MГѓВѓГ‚В©lodie mortelle;Sonatine;Takeshi Kitano;05/06/1993;8;Japon
04/04/2020;Radioactive;;Marjane Satrapi;01/03/2020;7;Royaume-Uni
04/04/2020;1917;;Sam Mendes;25/12/2019;9;Royaume-Uni
04/04/2020;Uncut Gems;;Benny Safdie, Josh Safdie;25/12/2019;3;ГѓВѓГ‚В‰tats-Unis
04/04/2020;Le Cas Richard Jewell;Richard Jewell;Clint Eastwood;13/12/2019;7;ГѓВѓГ‚В‰tats-Unis
04/04/2020;La Voie de la justice;Just Mercy;Destin Daniel Cretton;25/12/2019;9;ГѓВѓГ‚В‰tats-Unis
04/04/2020;Green Book - Sur les routes du Sud;Green Book;Peter Farrelly;16/11/2018;8;ГѓВѓГ‚В‰tats-Unis
04/04/2020;Les MisГѓВѓГ‚В©rables;;Ladj Ly;20/11/2019;9;France
04/04/2020;Le Chant du loup;;Antonin Baudry (Abel Lanzac);20/02/2019;8;France
04/04/2020;Avengers: Endgame;;Anthony Russo, Joe Russo;26/04/2019;4;ГѓВѓГ‚В‰tats-Unis
04/04/2020;Ad Astra;;James Gray;20/09/2019;7;ГѓВѓГ‚В‰tats-Unis
04/04/2020;Toy Story 4;;Josh Cooley;21/06/2019;6;ГѓВѓГ‚В‰tats-Unis
04/04/2020;Us;;Jordan Peele;15/03/2019;7;ГѓВѓГ‚В‰tats-Unis
04/04/2020;Vice;;Adam McKay;21/12/2018;9;ГѓВѓГ‚В‰tats-Unis
04/04/2020;ГѓВѓГ‚ВЂ couteaux tirГѓВѓГ‚В©s;Knives Out;Rian Johnson;27/11/2019;7;ГѓВѓГ‚В‰tats-Unis
04/04/2020;Le Mans 66;Ford v Ferrari;James Mangold;15/11/2019;8;ГѓВѓГ‚В‰tats-Unis
04/04/2020;La Mule;The Mule;Clint Eastwood;14/12/2018;7;ГѓВѓГ‚В‰tats-Unis
04/04/2020;Alita: Battle Angel;;Robert Rodriguez;14/02/2019;5;ГѓВѓГ‚В‰tats-Unis
04/04/2020;Klaus;;Sergio Pablos, Carlos MartГѓВѓГ‚В­nez LГѓВѓГ‚Віpez;08/11/2019;8;Espagne
04/04/2020;Edmond;;Alexis Michalik;09/01/2019;7;France
04/04/2020;La Belle ГѓВѓГ‚В‰poque;;Nicolas Bedos;06/11/2019;7;France
04/04/2020;J'accuse;;Roman Polanski;13/11/2019;5;France
04/04/2020;Ma vie avec John F. Donovan;The Death and Life of John F. Donovan;Xavier Dolan;10/09/2018;5;Canada
04/04/2020;PokГѓВѓГ‚В©mon : DГѓВѓГ‚В©tective Pikachu;PokГѓВѓГ‚В©mon: Detective Pikachu;Rob Letterman;10/05/2019;7;ГѓВѓГ‚В‰tats-Unis
04/04/2020;Une intime conviction;;Antoine Raimbault;06/02/2019;7;France
04/04/2020;Le Tombeau des lucioles;Hotaru no haka;Isao Takahata;16/04/1988;8;Japon
07/04/2020;Seven;Se7en;David Fincher;22/09/1995;9;ГѓВѓГ‚В‰tats-Unis
07/04/2020;Les InfiltrГѓВѓГ‚В©s;The Departed;Martin Scorsese;04/10/2006;8;ГѓВѓГ‚В‰tats-Unis
07/04/2020;Docteur ?;;Tristan SГѓВѓГ‚В©guГѓВѓГ‚В©la;11/12/2019;6;France
07/04/2020;Jumanji - Next Level;Jumanji: The Next Level;Jake Kasdan;13/12/2019;4;ГѓВѓГ‚В‰tats-Unis
07/04/2020;Spider-Man : New Generation;Spider-Man: Into the Spider-Verse;Bob Persichetti, Peter Ramsey, Rodney Rothman;19/12/2018;7;ГѓВѓГ‚В‰tats-Unis
07/04/2020;AstГѓВѓГ‚В©rix - Le Secret de la potion magique;;Louis Clichy, Alexandre Astier;05/12/2018;7;France
07/04/2020;Bohemian Rhapsody;;Bryan Singer;02/11/2018;7;ГѓВѓГ‚В‰tats-Unis
07/04/2020;Escape Game;Escape Room;Adam Robitel;01/02/2019;3;ГѓВѓГ‚В‰tats-Unis
07/04/2020;Godzilla II - Roi des monstres;Godzilla: King of the Monsters;Michael Dougherty;31/05/2019;3;ГѓВѓГ‚В‰tats-Unis
07/04/2020;Mortal Engines;;Christian Rivers;14/12/2018;5;ГѓВѓГ‚В‰tats-Unis
07/04/2020;Shazam!;;David F. Sandberg;05/04/2019;3;ГѓВѓГ‚В‰tats-Unis
07/04/2020;Anna;;Luc Besson;10/07/2019;5;France
07/04/2020;Le Coup du siГѓВѓГ‚ВЁcle;The Hustle;Chris Addison;10/05/2019;4;ГѓВѓГ‚В‰tats-Unis
07/04/2020;Fast & Furious: Hobbs & Shaw;Fast & Furious Presents: Hobbs & Shaw;David Leitch;26/07/2019;5;ГѓВѓГ‚В‰tats-Unis
07/04/2020;Comme des bГѓВѓГ‚ВЄtes 2;The Secret Life of Pets 2;Chris Renaud, Jonathan Del Val;07/06/2019;5;ГѓВѓГ‚В‰tats-Unis
15/11/2021;Dune;;Denis Villeneuve;01/10/2021;9;ГѓВѓГ‚В‰tats-Unis
15/11/2021;Annette;;Leos Carax;06/07/2021;4;France
15/11/2021;The Father;;Florian Zeller;11/06/2021;7;Royaume-Uni
15/11/2021;Titane;;Julia Ducournau;14/07/2021;5;France
15/11/2021;Nomadland;;ChloГѓВѓГ‚В© Zhao;19/02/2021;3;ГѓВѓГ‚В‰tats-Unis
15/11/2021;Le Dernier Duel;The Last Duel;Ridley Scott;15/10/2021;7;ГѓВѓГ‚В‰tats-Unis
15/11/2021;Drive My Car;Doraibu mai kГѓВѓГ‚Вў;Ryusuke Hamaguchi;20/08/2021;9;Japon
15/11/2021;BAC Nord;;CГѓВѓГ‚В©dric Jimenez;18/08/2021;7;France
15/11/2021;Onoda;;Arthur Harari;21/07/2021;8;France
15/11/2021;Kaamelott - Premier Volet;;Alexandre Astier;21/07/2021;7;France
15/11/2021;Mourir peut attendre;No Time to Die;Cary Joji Fukunaga;08/10/2021;7;Royaume-Uni
15/11/2021;Mandibules;;Quentin Dupieux (Mr. Oizo);19/05/2021;6;France
15/11/2021;BoГѓВѓГ‚В®te noire;;Yann Gozlan;08/09/2021;7;France
15/11/2021;Last Night in Soho;;Edgar Wright;29/10/2021;7;Royaume-Uni
15/11/2021;The French Dispatch;;Wes Anderson;22/10/2021;5;ГѓВѓГ‚В‰tats-Unis
15/11/2021;Sans un bruit 2;A Quiet Place Part II;John Krasinski;28/05/2021;6;ГѓВѓГ‚В‰tats-Unis
15/11/2021;DГѓВѓГ‚В©signГѓВѓГ‚В© coupable;The Mauritanian;Kevin Macdonald;01/04/2021;8;Royaume-Uni
15/11/2021;Cruella;;Craig Gillespie;28/05/2021;6;ГѓВѓГ‚В‰tats-Unis
15/11/2021;OSS 117 - Alerte rouge en Afrique noire;;Nicolas Bedos;04/08/2021;5;France
15/11/2021;Teddy;;Ludovic Boukherma, Zoran Boukherma;30/06/2021;6;France
15/11/2021;I Care a Lot;;J Blakeson;19/02/2021;5;ГѓВѓГ‚В‰tats-Unis
15/11/2021;Shang-Chi et la lГѓВѓГ‚В©gende des dix anneaux;Shang-Chi and the Legend of the Ten Rings;Destin Daniel Cretton;03/09/2021;7;ГѓВѓГ‚В‰tats-Unis
15/11/2021;Nobody;;Ilya Naishuller;26/03/2021;6;ГѓВѓГ‚В‰tats-Unis
15/11/2021;France;;Bruno Dumont;25/08/2021;5;France
15/11/2021;MГѓВѓГ‚В©decin de nuit;;Elie Wajeman;16/06/2021;7;France
15/11/2021;Free Guy;;Shawn Levy;13/08/2021;6;ГѓВѓГ‚В‰tats-Unis
15/11/2021;Le Discours;;Laurent Tirard;09/06/2021;6;France
15/11/2021;Un homme en colГѓВѓГ‚ВЁre;Wrath of Man;Guy Ritchie;07/05/2021;7;ГѓВѓГ‚В‰tats-Unis
15/11/2021;Old;;M. Night Shyamalan;23/07/2021;5;ГѓВѓГ‚В‰tats-Unis
15/11/2021;Les ГѓВѓГ‚В‰ternels;Eternals;ChloГѓВѓГ‚В© Zhao;05/11/2021;6;ГѓВѓГ‚В‰tats-Unis
15/11/2021;Falling;;Viggo Mortensen;31/01/2020;7;Canada
15/11/2021;Conjuring - Sous l'emprise du diable;The Conjuring: The Devil Made Me Do It;Michael Chaves;04/06/2021;5;ГѓВѓГ‚В‰tats-Unis
15/11/2021;L'Origine du monde;;Laurent Lafitte;15/09/2021;5;France
15/11/2021;Un espion ordinaire;The Courier;Dominic Cooke;13/08/2021;9;Royaume-Uni
16/11/2021;Comment tuer son boss ?;Horrible Bosses;Seth Gordon;08/07/2011;6;ГѓВѓГ‚В‰tats-Unis
16/11/2021;Le Raid;;Djamel Bensalah;27/03/2002;5;France
16/11/2021;Halal, police d'ГѓВѓГ‚В‰tat;;Rachid Dhibou;16/02/2011;6;France
16/11/2021;Pas trГѓВѓГ‚ВЁs normales activitГѓВѓГ‚В©s;;Maurice BarthГѓВѓГ‚В©lemy;30/01/2013;3;France
16/11/2021;Borat : LeГѓВѓГ‚В§ons culturelles sur l'AmГѓВѓГ‚В©rique au profit glorieuse nation Kazakhstan;Borat: Cultural Learnings of America for Make Benefit Glorious Nation of Kazakhstan;Larry Charles;01/11/2006;8;ГѓВѓГ‚В‰tats-Unis
16/11/2021;Troie;Troy;Wolfgang Petersen;13/05/2004;8;ГѓВѓГ‚В‰tats-Unis
16/11/2021;Beur sur la ville;;Djamel Bensalah;12/10/2011;2;France
16/11/2021;Transformers;;Michael Bay;25/07/2007;6;ГѓВѓГ‚В‰tats-Unis
19/11/2021;Les Choristes;;Christophe Barratier;17/03/2004;5;France
19/11/2021;Les Tontons flingueurs;;Georges Lautner;27/11/1963;8;France
19/11/2021;Les Triplettes de Belleville;;Sylvain Chomet;11/06/2003;7;France
19/11/2021;Neuilly sa mГѓВѓГ‚ВЁre !;;Gabriel Julien-LaferriГѓВѓГ‚ВЁre;12/08/2009;5;France
19/11/2021;Tenet;;Christopher Nolan;03/09/2020;6;ГѓВѓГ‚В‰tats-Unis
19/11/2021;Peninsula;Bando;Yeon Sang-Ho;15/07/2020;6;CorГѓВѓГ‚В©e du Sud
19/11/2021;Adieu les cons;;Albert Dupontel;21/10/2020;6;France
19/11/2021;Drunk;Druk;Thomas Vinterberg;24/09/2020;7;Danemark
19/11/2021;Fast & Furious 9;F9;Justin Lin;25/05/2021;5;ГѓВѓГ‚В‰tats-Unis
19/11/2021;Vivarium;;Lorcan Finnegan;27/03/2020;6;Irlande
19/11/2021;La Plateforme;El hoyo;Galder Gaztelu-Urrutia;07/10/2019;6;Espagne
19/11/2021;Lucky Strike;Jipuragirado Jabgo Sipeun Jimseungdeul;Kim Yong-hoon;19/02/2020;6;CorГѓВѓГ‚В©e du Sud
19/11/2021;Borat : Nouvelle Mission;Borat Subsequent Moviefilm: Delivery of Prodigious Bribe to American Regime for Make Benefit Once Glorious Nation of Kazakhstan;Jason Woliner;23/10/2020;6;ГѓВѓГ‚В‰tats-Unis
19/11/2021;Dans un jardin qu'on dirait ГѓВѓГ‚В©ternel;Nichinichi Kore KГѓВѓГ‚Вґjitsu;Tatsushi Omori;13/10/2018;7;Japon
19/11/2021;L'Ombre de Staline;Mr. Jones;Agnieszka Holland;25/10/2019;7;Pologne
19/11/2021;Skyfall;;Sam Mendes;26/10/2012;8;Royaume-Uni
19/11/2021;Casino Royale;;Martin Campbell;14/11/2006;8;Royaume-Uni
19/11/2021;Le Hobbit - Un voyage inattendu;The Hobbit: An Unexpected Journey;Peter Jackson;14/12/2012;7;ГѓВѓГ‚В‰tats-Unis
19/11/2021;Thelma et Louise;Thelma and Louise;Ridley Scott;24/05/1991;7;ГѓВѓГ‚В‰tats-Unis
19/11/2021;Soleil vert;Soylent Green;Richard Fleischer;19/04/1973;7;ГѓВѓГ‚В‰tats-Unis
19/11/2021;Le Hobbit - La DГѓВѓГ‚В©solation de Smaug;The Hobbit: The Desolation of Smaug;Peter Jackson;13/12/2013;6;ГѓВѓГ‚В‰tats-Unis
19/11/2021;MillГѓВѓГ‚В©nium - Les hommes qui n'aimaient pas les femmes;The Girl with the Dragon Tattoo;David Fincher;21/12/2011;6;ГѓВѓГ‚В‰tats-Unis
19/11/2021;Le Hobbit - La Bataille des Cinq ArmГѓВѓГ‚В©es;The Hobbit: The Battle of the Five Armies;Peter Jackson;12/12/2014;6;ГѓВѓГ‚В‰tats-Unis
19/11/2021;James Bond 007 contre Dr. No;Dr. No;Terence Young;10/10/1962;6;Royaume-Uni
19/11/2021;007 Spectre;Spectre;Sam Mendes;26/10/2015;7;Royaume-Uni
19/11/2021;Terminator;The Terminator;James Cameron;26/10/1984;7;ГѓВѓГ‚В‰tats-Unis
19/11/2021;21 Jump Street;;Phil Lord, Christopher Miller;16/03/2012;6;ГѓВѓГ‚В‰tats-Unis
19/11/2021;Rain Man;;Barry Levinson;12/12/1988;6;ГѓВѓГ‚В‰tats-Unis
19/11/2021;Quantum of Solace;;Marc Forster;31/10/2008;5;Royaume-Uni
19/11/2021;22 Jump Street;;Phil Lord, Christopher Miller;13/06/2014;6;ГѓВѓГ‚В‰tats-Unis
19/11/2021;Gladiator;;Ridley Scott;05/05/2000;7;ГѓВѓГ‚В‰tats-Unis
19/11/2021;Douze Hommes en colГѓВѓГ‚ВЁre;12 Angry Men;Sidney Lumet;10/04/1957;8;ГѓВѓГ‚В‰tats-Unis
19/11/2021;Vol au-dessus d'un nid de coucou;One Flew Over the Cuckoo's Nest;MiloГѓВ…Г‚ВЎ Forman;21/11/1975;8;ГѓВѓГ‚В‰tats-Unis
19/11/2021;Parasite;Gisaengchoong;Bong Joon-Ho;30/05/2019;9;CorГѓВѓГ‚В©e du Sud
19/11/2021;Pulp Fiction;;Quentin Tarantino;10/09/1994;8;ГѓВѓГ‚В‰tats-Unis
19/11/2021;Apocalypse Now;;Francis Ford Coppola;15/08/1979;9;ГѓВѓГ‚В‰tats-Unis
19/11/2021;Les Affranchis;Goodfellas;Martin Scorsese;12/09/1990;8;ГѓВѓГ‚В‰tats-Unis
19/11/2021;Fight Club;;David Fincher;10/09/1999;9;ГѓВѓГ‚В‰tats-Unis
19/11/2021;L'ArmГѓВѓГ‚В©e des ombres;;Jean-Pierre Melville;12/09/1969;8;France
19/11/2021;Shining;The Shining;Stanley Kubrick;23/05/1980;8;ГѓВѓГ‚В‰tats-Unis
19/11/2021;L'Empire contre-attaque;Star Wars Episode V: The Empire Strikes Back;Irvin Kershner;21/05/1980;8;ГѓВѓГ‚В‰tats-Unis
19/11/2021;Le Seigneur des anneaux - Le Retour du roi;The Lord of the Rings: The Return of the King;Peter Jackson;01/12/2003;8;ГѓВѓГ‚В‰tats-Unis
19/11/2021;La Liste de Schindler;Schindler's List;Steven Spielberg;25/12/1993;8;ГѓВѓГ‚В‰tats-Unis
19/11/2021;Le Seigneur des anneaux - La CommunautГѓВѓГ‚В© de l'anneau;The Lord of the Rings: The Fellowship of the Ring;Peter Jackson;19/12/2001;8;ГѓВѓГ‚В‰tats-Unis
19/11/2021;Forrest Gump;;Robert Zemeckis;06/07/1994;8;ГѓВѓГ‚В‰tats-Unis
19/11/2021;Inception;;Christopher Nolan;14/07/2010;9;ГѓВѓГ‚В‰tats-Unis
19/11/2021;Into the Wild;;Sean Penn;21/09/2007;8;ГѓВѓГ‚В‰tats-Unis
19/11/2021;Il ГѓВѓГ‚В©tait une fois dans l'Ouest;C'era una volta il West;Sergio Leone;21/12/1968;7;Italie
19/11/2021;Drive;;Nicolas Winding Refn;15/09/2011;8;ГѓВѓГ‚В‰tats-Unis
19/11/2021;The Big Lebowski;;Joel Coen, Ethan Coen;06/03/1998;8;ГѓВѓГ‚В‰tats-Unis
19/11/2021;La Ligne verte;The Green Mile;Frank Darabont;10/12/1999;9;ГѓВѓГ‚В‰tats-Unis
19/11/2021;American Beauty;American Beauty;Sam Mendes;15/09/1999;8;ГѓВѓГ‚В‰tats-Unis
19/11/2021;Shutter Island;;Martin Scorsese;19/02/2010;7;ГѓВѓГ‚В‰tats-Unis
19/11/2021;Le Seigneur des anneaux - Les Deux Tours;The Lord of the Rings: The Two Towers;Peter Jackson;18/12/2002;8;ГѓВѓГ‚В‰tats-Unis
19/11/2021;Jurassic Park;;Steven Spielberg;11/06/1993;7;ГѓВѓГ‚В‰tats-Unis
19/11/2021;La Guerre des ГѓВѓГ‚В©toiles;Star Wars;George Lucas;25/05/1977;7;ГѓВѓГ‚В‰tats-Unis
19/11/2021;Inglourious Basterds;;Quentin Tarantino;20/08/2009;8;ГѓВѓГ‚В‰tats-Unis
19/11/2021;La Vie est belle;La vita ГѓВѓГ‚ВЁ bella;Roberto Benigni;20/12/1997;8;Italie
19/11/2021;Snatch - Tu braques ou tu raques;Snatch;Guy Ritchie;01/09/2000;9;Royaume-Uni
19/11/2021;Le Prestige;The Prestige;Christopher Nolan;20/10/2006;7;ГѓВѓГ‚В‰tats-Unis
19/11/2021;Gran Torino;;Clint Eastwood;12/12/2008;8;ГѓВѓГ‚В‰tats-Unis
19/11/2021;Mad Max - Fury Road;;George Miller;13/05/2015;9;Australie
19/11/2021;The Grand Budapest Hotel;;Wes Anderson;07/03/2014;7;ГѓВѓГ‚В‰tats-Unis
19/11/2021;La CitГѓВѓГ‚В© de la peur;;Alain BerbГѓВѓГ‚В©rian;09/03/1994;8;France
19/11/2021;Terminator 2 - Le Jugement dernier;Terminator 2: Judgment Day;James Cameron;03/07/1991;7;ГѓВѓГ‚В‰tats-Unis
19/11/2021;Sherlock Holmes;;Guy Ritchie;24/12/2009;6;ГѓВѓГ‚В‰tats-Unis
19/11/2021;Arnaques, crimes & botanique;Lock, Stock & Two Smoking Barrels;Guy Ritchie;28/08/1998;8;Royaume-Uni
19/11/2021;The Gentlemen;;Guy Ritchie;01/01/2020;8;Royaume-Uni
19/11/2021;RockNRolla;RockNRolla;Guy Ritchie;04/09/2008;7;Royaume-Uni
19/11/2021;Le Roi Arthur - La LГѓВѓГ‚В©gende d'Excalibur;King Arthur: Legend of the Sword;Guy Ritchie;09/05/2017;6;ГѓВѓГ‚В‰tats-Unis
19/11/2021;Hot Fuzz;;Edgar Wright;14/02/2007;7;Royaume-Uni
19/11/2021;Shaun of the Dead;;Edgar Wright;09/04/2004;7;Royaume-Uni
19/11/2021;The Revenant;;Alejandro GonzГѓВѓГ‚ВЎlez IГѓВѓГ‚В±ГѓВѓГ‚ВЎrritu;25/12/2015;8;ГѓВѓГ‚В‰tats-Unis
19/11/2021;Zootopie;Zootopia;Byron Howard, Rich Moore, Jared Bush;11/02/2016;7;ГѓВѓГ‚В‰tats-Unis
19/11/2021;Deadpool;;Tim Miller;04/02/2016;7;ГѓВѓГ‚В‰tats-Unis
19/11/2021;Dernier train pour Busan;Busanhaeng;Yeon Sang-Ho;20/07/2016;8;CorГѓВѓГ‚В©e du Sud
19/11/2021;Merci Patron !;;FranГѓВѓГ‚В§ois Ruffin;24/02/2016;6;France
19/11/2021;Sully;;Clint Eastwood;08/09/2016;7;ГѓВѓГ‚В‰tats-Unis
19/11/2021;La Folle Histoire de Max & LГѓВѓГ‚В©on;;Jonathan BarrГѓВѓГ‚В©;01/11/2016;6;France
19/11/2021;Suicide Squad;;David Ayer;03/08/2016;4;ГѓВѓГ‚В‰tats-Unis
19/11/2021;Sausage Party : La Vie privГѓВѓГ‚В©e des aliments;Sausage Party;Conrad Vernon, Greg Tiernan;11/08/2016;5;ГѓВѓГ‚В‰tats-Unis
19/11/2021;Dikkenek;;Olivier Van Hoofstadt;21/06/2006;7;Belgique
19/11/2021;Le Tout Nouveau Testament;;Jaco van Dormael;01/09/2015;5;Belgique
19/11/2021;AstГѓВѓГ‚В©rix et ClГѓВѓГ‚В©opГѓВѓГ‚Вўtre;;RenГѓВѓГ‚В© Goscinny, Albert Uderzo;19/12/1968;6;France
19/11/2021;Le VГѓВѓГ‚В©lo de Ghislain Lambert;;Philippe Harel;31/10/2001;7;Belgique
19/11/2021;Rien ГѓВѓГ‚В  dГѓВѓГ‚В©clarer;;Dany Boon;02/02/2011;6;France
19/11/2021;Podium;;Yann Moix;11/02/2004;7;France
19/11/2021;Die Hard - Belle journГѓВѓГ‚В©e pour mourir;A Good Day to Die Hard;John Moore;06/02/2013;4;ГѓВѓГ‚В‰tats-Unis
19/11/2021;Taxi 5;;Franck Gastambide;11/04/2018;4;France
19/11/2021;Terminator: Genisys;;Alan Taylor;01/07/2015;4;ГѓВѓГ‚В‰tats-Unis
19/11/2021;Star Wars - Les Derniers Jedi;Star Wars: The Last Jedi;Rian Johnson;13/12/2017;6;ГѓВѓГ‚В‰tats-Unis
19/11/2021;Hollywoo;;FrГѓВѓГ‚В©dГѓВѓГ‚В©ric Berthe, Pascal Serieis;07/12/2011;3;France
19/11/2021;Dunkerque;Dunkirk;Christopher Nolan;19/07/2017;7;ГѓВѓГ‚В‰tats-Unis
19/11/2021;Get Out;;Jordan Peele;27/02/2017;7;ГѓВѓГ‚В‰tats-Unis
19/11/2021;ГѓВѓГ‚В‡a;It;Andy Muschietti;07/09/2017;6;ГѓВѓГ‚В‰tats-Unis
19/11/2021;Wonder Woman;;Patty Jenkins;02/06/2017;5;ГѓВѓГ‚В‰tats-Unis
19/11/2021;Kingsman - Le Cercle d'or;Kingsman: The Golden Circle;Matthew Vaughn;29/09/2017;6;ГѓВѓГ‚В‰tats-Unis
19/11/2021;Spider-Man: Homecoming;;Jon Watts;06/07/2017;6;ГѓВѓГ‚В‰tats-Unis
19/11/2021;Le Sens de la fГѓВѓГ‚ВЄte;;Olivier Nakache, Eric Toledano;04/10/2017;7;France
19/11/2021;Seven Sisters;What Happened to Monday;Tommy Wirkola;30/08/2017;5;France
19/11/2021;Alien: Covenant;;Ridley Scott;10/05/2017;5;ГѓВѓГ‚В‰tats-Unis
19/11/2021;3 Billboards - Les Panneaux de la vengeance;Three Billboards Outside Ebbing, Missouri;Martin McDonagh;10/11/2017;6;ГѓВѓГ‚В‰tats-Unis
19/11/2021;Les Gardiens de la galaxie;Guardians of the Galaxy;James Gunn;01/08/2014;7;ГѓВѓГ‚В‰tats-Unis
19/11/2021;La Vie rГѓВѓГ‚ВЄvГѓВѓГ‚В©e de Walter Mitty;The Secret Life of Walter Mitty;Ben Stiller;25/12/2013;7;ГѓВѓГ‚В‰tats-Unis
19/11/2021;Sin City : J'ai tuГѓВѓГ‚В© pour elle;Sin City: A Dame to Kill For;Frank Miller, Robert Rodriguez;22/08/2014;7;ГѓВѓГ‚В‰tats-Unis
19/11/2021;Le Labyrinthe;The Maze Runner;Wes Ball;19/09/2014;5;ГѓВѓГ‚В‰tats-Unis
19/11/2021;Imitation Game;The Imitation Game;Morten Tyldum;14/11/2014;7;Royaume-Uni
19/11/2021;La French;;CГѓВѓГ‚В©dric Jimenez;03/12/2014;6;France
19/11/2021;Lucy;;Luc Besson;25/07/2014;7;France
19/11/2021;99 Francs;;Jan Kounen;26/09/2007;8;France
19/11/2021;OSS 117 - Le Caire, nid d'espions;;Michel Hazanavicius;19/04/2006;7;France
19/11/2021;Vice-versa;Inside Out;Pete Docter, Ronnie del Carmen;19/06/2015;7;ГѓВѓГ‚В‰tats-Unis
19/11/2021;Kingsman - Services secrets;Kingsman: The Secret Service;Matthew Vaughn;29/01/2015;7;ГѓВѓГ‚В‰tats-Unis
19/11/2021;Star Wars - Le RГѓВѓГ‚В©veil de la Force;Star Wars: The Force Awakens;J.J. Abrams;16/12/2015;6;ГѓВѓГ‚В‰tats-Unis
19/11/2021;American Sniper;;Clint Eastwood;25/12/2014;7;ГѓВѓГ‚В‰tats-Unis
19/11/2021;Les Nouveaux HГѓВѓГ‚В©ros;Big Hero 6;Don Hall, Chris Williams;07/11/2014;7;ГѓВѓГ‚В‰tats-Unis
19/11/2021;Chappie;;Neill Blomkamp;06/03/2015;7;ГѓВѓГ‚В‰tats-Unis
19/11/2021;Mission: Impossible - Rogue Nation;;Christopher McQuarrie;31/07/2015;6;ГѓВѓГ‚В‰tats-Unis
19/11/2021;Avengers - L'ГѓВѓГ‚ВЁre d'Ultron;Avengers: Age of Ultron;Joss Whedon;01/05/2015;6;ГѓВѓГ‚В‰tats-Unis
19/11/2021;The Big Short - Le Casse du siГѓВѓГ‚ВЁcle;The Big Short;Adam McKay;11/12/2015;7;ГѓВѓГ‚В‰tats-Unis
19/11/2021;Jurassic World;;Colin Trevorrow;10/06/2015;6;ГѓВѓГ‚В‰tats-Unis
19/11/2021;Ant-Man;;Peyton Reed;17/07/2015;6;ГѓВѓГ‚В‰tats-Unis
19/11/2021;Comment c'est loin;;AurГѓВѓГ‚В©lien Cotentin (Orelsan), Christophe Offenstein;09/12/2015;7;France
19/11/2021;Citizenfour;;Laura Poitras;10/10/2014;7;ГѓВѓГ‚В‰tats-Unis
19/11/2021;ГѓВѓГ‚ВЂ la poursuite de demain;Tomorrowland;Brad Bird;22/05/2015;6;ГѓВѓГ‚В‰tats-Unis
19/11/2021;La Loi du marchГѓВѓГ‚В©;;StГѓВѓГ‚В©phane BrizГѓВѓГ‚В©;19/05/2015;6;France
19/11/2021;Fast & Furious 7;Furious 7;James Wan;10/04/2015;6;ГѓВѓГ‚В‰tats-Unis
19/11/2021;Hunger Games : La RГѓВѓГ‚В©volte, partie 2;The Hunger Games: Mockingjay, Part 2;Francis Lawrence;18/11/2015;5;ГѓВѓГ‚В‰tats-Unis
19/11/2021;L'Interview qui tue !;The Interview;Evan Goldberg, Seth Rogen;24/12/2014;5;ГѓВѓГ‚В‰tats-Unis
19/11/2021;Le DГѓВѓГ‚В®ner de cons;;Francis Veber;15/04/1998;7;France
19/11/2021;La Grande Vadrouille;;GГѓВѓГ‚В©rard Oury;08/12/1966;8;France
19/11/2021;Intouchables;;Olivier Nakache, Eric Toledano;02/11/2011;7;France
19/11/2021;Les Valseuses;;Bertrand Blier;20/03/1974;6;France
19/11/2021;La TraversГѓВѓГ‚В©e de Paris;;Claude Autant-Lara;26/10/1956;7;France
19/11/2021;Les Trois FrГѓВѓГ‚ВЁres;;Didier Bourdon, Bernard Campan;13/12/1995;8;France
19/11/2021;Les Aventures de Rabbi Jacob;;GГѓВѓГ‚В©rard Oury;18/10/1973;7;France
19/11/2021;La Folie des grandeurs;;GГѓВѓГ‚В©rard Oury;13/12/1971;7;France
19/11/2021;Tchao Pantin;;Claude Berri;21/12/1983;8;France
19/11/2021;Mud - Sur les rives du Mississippi;Mud;Jeff Nichols;26/04/2013;8;ГѓВѓГ‚В‰tats-Unis
19/11/2021;Snowpiercer - Le Transperceneige;Snowpiercer;Bong Joon-Ho;01/08/2013;7;CorГѓВѓГ‚В©e du Sud
19/11/2021;Le Monde de Charlie;The Perks of Being a Wallflower;Stephen Chbosky;20/09/2012;7;ГѓВѓГ‚В‰tats-Unis
19/11/2021;Rush;;Ron Howard;13/09/2013;7;ГѓВѓГ‚В‰tats-Unis
19/11/2021;Le Majordome;The Butler;Lee Daniels;16/08/2013;8;ГѓВѓГ‚В‰tats-Unis
19/11/2021;Monstres Academy;Monsters University;Dan Scanlon;21/06/2013;6;ГѓВѓГ‚В‰tats-Unis
19/11/2021;Machete Kills;Machete Kills;Robert Rodriguez;11/09/2013;5;ГѓВѓГ‚В‰tats-Unis
19/11/2021;Indiana Jones et la DerniГѓВѓГ‚ВЁre Croisade;Indiana Jones and the Last Crusade;Steven Spielberg;24/05/1989;7;ГѓВѓГ‚В‰tats-Unis
19/11/2021;Matrix;The Matrix;Lilly Wachowski, Lana Wachowski;31/03/1999;9;ГѓВѓГ‚В‰tats-Unis
19/11/2021;Les Aventuriers de l'arche perdue;Raiders of the Lost Ark;Steven Spielberg;12/06/1981;7;ГѓВѓГ‚В‰tats-Unis
19/11/2021;Pirates des CaraГѓВѓГ‚ВЇbes - La MalГѓВѓГ‚В©diction du Black Pearl;Pirates of the Caribbean: The Curse of the Black Pearl;Gore Verbinski;09/07/2003;6;ГѓВѓГ‚В‰tats-Unis
19/11/2021;The Mask;;Chuck Russell;29/07/1994;7;ГѓВѓГ‚В‰tats-Unis
19/11/2021;S.O.S. FantГѓВѓГ‚Вґmes;Ghostbusters;Ivan Reitman;08/06/1984;8;ГѓВѓГ‚В‰tats-Unis
19/11/2021;OSS 117 - Rio ne rГѓВѓГ‚В©pond plus...;;Michel Hazanavicius;15/04/2009;7;France
19/11/2021;RRRrrrr !!!;;Alain Chabat;28/01/2004;6;France
19/11/2021;Mon voisin Totoro;Tonari no Totoro;Hayao Miyazaki;16/04/1988;9;Japon
19/11/2021;Les BronzГѓВѓГ‚В©s;;Patrice Leconte;01/11/1978;7;France
19/11/2021;Will Hunting;Good Will Hunting;Gus Van Sant;02/12/1997;8;ГѓВѓГ‚В‰tats-Unis
19/11/2021;Porco Rosso;Kurenai no Buta;Hayao Miyazaki;18/07/1992;8;Japon
19/11/2021;Cry Macho;;Clint Eastwood;17/09/2021;4;ГѓВѓГ‚В‰tats-Unis
19/11/2021;Full Metal Jacket;;Stanley Kubrick;26/06/1987;7;ГѓВѓГ‚В‰tats-Unis
20/11/2021;Spider-Man: Far From Home;;Jon Watts;05/07/2019;7;ГѓВѓГ‚В‰tats-Unis
22/11/2021;Le Fabuleux Destin d'AmГѓВѓГ‚В©lie Poulain;;Jean-Pierre Jeunet;25/04/2001;8;France
22/11/2021;Coco;;Gad Elmaleh;18/03/2009;4;France
27/11/2021;Reservoir Dogs;;Quentin Tarantino;02/09/1992;7;ГѓВѓГ‚В‰tats-Unis
27/11/2021;House of Gucci;;Ridley Scott;24/11/2021;7;ГѓВѓГ‚В‰tats-Unis
29/11/2021;SuprГѓВѓГ‚ВЄmes;;Audrey Estrougo;24/11/2021;6;France
05/12/2021;Madres paralelas;;Pedro AlmodГѓВѓГ‚Віvar;10/09/2021;7;Espagne
08/12/2021;Moi, moche et mГѓВѓГ‚В©chant 3;Despicable Me 3;Kyle Balda, Pierre Coffin;28/06/2017;4;ГѓВѓГ‚В‰tats-Unis
08/12/2021;Moi, moche et mГѓВѓГ‚В©chant 2;Despicable Me 2;Pierre Coffin, Chris Renaud;03/07/2013;5;ГѓВѓГ‚В‰tats-Unis
08/12/2021;Moi, moche et mГѓВѓГ‚В©chant;Despicable Me;Pierre Coffin, Chris Renaud;09/07/2010;6;ГѓВѓГ‚В‰tats-Unis
08/12/2021;Nos voisins, les hommes;Over the Hedge;Tim Johnson, Karey Kirkpatrick;05/07/2006;6;ГѓВѓГ‚В‰tats-Unis
08/12/2021;40 ans, toujours puceau;The 40 Year Old Virgin;Judd Apatow;19/08/2005;6;ГѓВѓГ‚В‰tats-Unis
08/12/2021;Crazy, Stupid, Love;Crazy, Stupid, Love.;Glenn Ficarra, John Requa;29/07/2011;6;ГѓВѓГ‚В‰tats-Unis
08/12/2021;La MГѓВѓГ‚В©thode Williams;King Richard;Reinaldo Marcus Green;19/11/2021;7;ГѓВѓГ‚В‰tats-Unis
26/12/2021;Sous le mГѓВѓГ‚ВЄme toit;;Dominique Farrugia;19/04/2017;4;France
26/12/2021;The Holiday;;Nancy Meyers;08/12/2006;5;ГѓВѓГ‚В‰tats-Unis
03/01/2022;Alice et le Maire;;Nicolas Pariser;18/09/2019;6;France
12/02/2022;Moonfall;;Roland Emmerich;04/02/2022;5;ГѓВѓГ‚В‰tats-Unis
12/02/2022;EnquГѓВѓГ‚ВЄte sur un scandale d'ГѓВѓГ‚В‰tat;;Thierry de Peretti;09/02/2022;6;France
12/02/2022;Lynx;;Laurent Geslin;27/10/2021;7;France
12/02/2022;Scream;;Matt Bettinelli-Olpin, Tyler Gillett;14/01/2022;4;ГѓВѓГ‚В‰tats-Unis
12/02/2022;Arthur Rambo;;Laurent Cantet;02/02/2022;4;France
12/02/2022;Nightmare Alley;;Guillermo del Toro;17/12/2021;6;ГѓВѓГ‚В‰tats-Unis
12/02/2022;Les Tuche 4;;Olivier Baroux;08/12/2021;4;France
12/02/2022;Adieu Monsieur Haffmann;;Fred CavayГѓВѓГ‚В©;12/01/2022;7;France
02/03/2022;The Batman;;Matt Reeves;04/03/2022;9;ГѓВѓГ‚В‰tats-Unis
02/03/2022;Les Vedettes;;Jonathan BarrГѓВѓГ‚В©;09/02/2022;6;France
02/03/2022;Mort sur le Nil;Death on the Nile;Kenneth Branagh;11/02/2022;6;ГѓВѓГ‚В‰tats-Unis
11/03/2022;Ne le dis ГѓВѓГ‚В  personne;;Guillaume Canet;01/11/2006;6;France
11/03/2022;ZaГѓВѓГ‚ВЇ ZaГѓВѓГ‚ВЇ ZaГѓВѓГ‚ВЇ ZaГѓВѓГ‚ВЇ;;FranГѓВѓГ‚В§ois Desagnat;23/02/2022;5;France
11/03/2022;Matrix Resurrections;The Matrix Resurrections;Lana Wachowski;22/12/2021;3;ГѓВѓГ‚В‰tats-Unis
11/03/2022;The King of Staten Island;;Judd Apatow;12/06/2020;5;ГѓВѓГ‚В‰tats-Unis
11/03/2022;Un pays qui se tient sage;;David Dufresne;30/09/2020;6;France
11/03/2022;Effacer l'historique;;Gustave Kervern, BenoГѓВѓГ‚В®t DelГѓВѓГ‚В©pine;26/08/2020;5;France
11/03/2022;Barbaque;;Fabrice EbouГѓВѓГ‚В©;27/10/2021;8;France
11/03/2022;5ГѓВѓГ‚ВЁme Set;;Quentin Reynaud;16/06/2021;5;France
11/03/2022;Les 2 Alfred;;Bruno PodalydГѓВѓГ‚ВЁs;16/06/2021;6;France
11/03/2022;Eiffel;;Martin Bourboulon;13/10/2021;4;France
11/03/2022;PrГѓВѓГ‚В©sidents;;Anne Fontaine;30/06/2021;5;France
11/03/2022;Tokyo Shaking;;Olivier Peyon;23/06/2021;5;France
11/03/2022;Villa Caprice;;Bernard Stora;02/06/2021;4;France
12/03/2022;Toy Story 3;;Lee Unkrich;18/06/2010;6;ГѓВѓГ‚В‰tats-Unis
12/03/2022;Kick-Ass;;Matthew Vaughn;16/04/2010;6;ГѓВѓГ‚В‰tats-Unis
12/03/2022;The Artist;;Michel Hazanavicius;12/10/2011;7;France
12/03/2022;L'OdyssГѓВѓГ‚В©e de Pi;Life of Pi;Ang Lee;21/11/2012;7;ГѓВѓГ‚В‰tats-Unis
12/03/2022;Joyeux NoГѓВѓГ‚В«l;;Christian Carion;09/11/2005;7;France
01/04/2022;Morbius;;Daniel Espinosa;01/04/2022;3;ГѓВѓГ‚В‰tats-Unis
01/04/2022;Ambulance;;Michael Bay;08/04/2022;5;ГѓВѓГ‚В‰tats-Unis
01/04/2022;Sin City;;Robert Rodriguez, Frank Miller, Quentin Tarantino;01/04/2005;6;ГѓВѓГ‚В‰tats-Unis
01/04/2022;Good Morning England;The Boat That Rocked;Richard Curtis;01/04/2009;6;Royaume-Uni
18/04/2022;Freaks Out;;Gabriele Mainetti;28/10/2021;8;Italie
27/04/2022;La Mort de Staline;The Death of Stalin;Armando Iannucci;20/10/2017;7;Royaume-Uni
27/04/2022;Jackass Forever;;Jeff Tremaine;04/02/2022;6;ГѓВѓГ‚В‰tats-Unis
27/04/2022;Black Panther;;Ryan Coogler;16/02/2018;7;ГѓВѓГ‚В‰tats-Unis
27/04/2022;La Ruse;Operation Mincemeat;John Madden;15/04/2022;7;Royaume-Uni
27/04/2022;Relic;;Natalie Erika James;07/10/2020;5;Australie
27/04/2022;DГѓВѓГ‚В©tective Conan : The Scarlet Bullet;Meitantei Conan: Hiiro no Dangan;Tomoka Nagaoka (Chika Nagaoka);16/04/2021;7;Japon
27/04/2022;Rotzbub;;Santiago Lopez Jover, Marcus H. RosenmГѓВѓГ‚Вјller;;6;Allemagne
27/04/2022;HospitalitГѓВѓГ‚В©;Kantai;KГѓВ…Г‚ВЌji Fukada;23/04/2011;7;Japon
27/04/2022;Un printemps ГѓВѓГ‚В  Hong Kong;Suk Suk;Ray Yeung;12/05/2020;7;Hong Kong
27/04/2022;Des hommes;;Lucas Belvaux;02/06/2021;5;France
27/04/2022;MystГѓВѓГ‚ВЁre ГѓВѓГ‚В  Saint-Tropez;;Nicolas Benamou;14/07/2021;4;France
27/04/2022;La Fine Fleur;;Pierre Pinaud;30/06/2021;5;France
27/04/2022;C'est la vie;;Julien Rambaldi;28/07/2021;5;France
27/04/2022;Profession du pГѓВѓГ‚ВЁre;;Jean-Pierre AmГѓВѓГ‚В©ris;28/07/2021;7;France
27/04/2022;DГѓВѓГ‚В©licieux;;ГѓВѓГ‚В‰ric Besnard;08/09/2021;6;France
27/04/2022;Respect;;Liesl Tommy;13/08/2021;6;ГѓВѓГ‚В‰tats-Unis
27/04/2022;Candyman;;Nia DaCosta;27/08/2021;5;ГѓВѓГ‚В‰tats-Unis
27/04/2022;Spider-Man: No Way Home;;Jon Watts;17/12/2021;7;ГѓВѓГ‚В‰tats-Unis
27/04/2022;Aristocrats;Anoko wa kizoku;Yukiko Sode;26/02/2021;6;Japon
27/04/2022;Les LeГѓВѓГ‚В§ons persanes;Persian Lessons;Vadim Perelman;08/04/2021;8;Allemagne
27/04/2022;The King's Man - PremiГѓВѓГ‚ВЁre Mission;The King's Man;Matthew Vaughn;22/12/2021;5;ГѓВѓГ‚В‰tats-Unis
27/04/2022;Le Secret de la citГѓВѓГ‚В© perdue;The Lost City;Aaron Nee, Adam Nee;25/03/2022;3;ГѓВѓГ‚В‰tats-Unis
27/04/2022;Qu'est-ce qu'on a tous fait au Bon Dieu ?;;Philippe de Chauveron;06/04/2022;4;France
27/04/2022;Mon cousin;;Jan Kounen;30/09/2020;5;France
27/04/2022;Le Vilain;;Albert Dupontel;25/11/2009;6;France
27/04/2022;La Vraie Vie des Profs;;Emmanuel Klotz, Albert Pereira-Lazaro;20/02/2013;3;France
27/04/2022;Speed Racer;;Lilly Wachowski, Lana Wachowski;09/05/2008;5;ГѓВѓГ‚В‰tats-Unis
27/04/2022;Madame Claude;;Sylvie Verheyde;02/04/2021;3;France
27/04/2022;Les Sous-douГѓВѓГ‚В©s;;Claude Zidi;30/04/1980;5;France
31/05/2022;Top Gun: Maverick;;Joseph Kosinski;27/05/2022;6;ГѓВѓГ‚В‰tats-Unis
31/05/2022;Les Crimes du futur;Crimes of the Future;David Cronenberg;25/05/2022;5;Canada
31/05/2022;Doctor Strange in the Multiverse of Madness;;Sam Raimi;06/05/2022;6;ГѓВѓГ‚В‰tats-Unis
05/06/2022;American Psycho;;Mary Harron;14/04/2000;6;ГѓВѓГ‚В‰tats-Unis
06/07/2022;Decision to Leave;Heeojil Gyeolsim;Park Chan-Wook;29/06/2022;7;CorГѓВѓГ‚В©e du Sud
06/07/2022;Entre la vie et la mort;;Giordano Gederlini;29/06/2022;8;France
06/07/2022;The Duke;;Roger Michell;03/09/2021;7;Royaume-Uni
06/07/2022;La Chance sourit ГѓВѓГ‚В  Madame Nikuko;Gyoko no Nikuko-chan;Ayumu Watanabe;11/06/2021;7;Japon
06/07/2022;Elvis;;Baz Luhrmann;24/06/2022;7;ГѓВѓГ‚В‰tats-Unis
06/07/2022;Buzz l'ГѓВѓГ‚В‰clair;Lightyear;Angus MacLane;25/08/2022;7;ГѓВѓГ‚В‰tats-Unis
16/08/2022;Bullet Train;;David Leitch;05/08/2022;7;ГѓВѓГ‚В‰tats-Unis
16/08/2022;Nope;;Jordan Peele;22/07/2022;7;ГѓВѓГ‚В‰tats-Unis
16/08/2022;Day Shift;;J.J. Perry;12/08/2022;5;ГѓВѓГ‚В‰tats-Unis
16/08/2022;Cette musique ne joue pour personne;;Samuel Benchetrit;29/09/2021;6;France
16/08/2022;Media Crash - Qui a tuГѓВѓГ‚В© le dГѓВѓГ‚В©bat public ?;;Luc Hermann, Valentine Oberti;16/02/2022;7;France
19/08/2022;Cuisine et DГѓВѓГ‚В©pendances;;Philippe Muyl;07/04/1993;8;France
11/11/2022;La Conspiration du Caire;Boy from Heaven;Tarik Saleh;18/11/2022;8;SuГѓВѓГ‚ВЁde
11/11/2022;Amsterdam;;David O. Russell;07/10/2022;7;ГѓВѓГ‚В‰tats-Unis
11/11/2022;Smile;;Parker Finn;30/09/2022;6;ГѓВѓГ‚В‰tats-Unis
11/11/2022;Novembre;;CГѓВѓГ‚В©dric Jimenez;05/10/2022;6;France
11/11/2022;Coup de thГѓВѓГ‚В©ГѓВѓГ‚Вўtre;See How They Run;Tom George;09/09/2022;6;Royaume-Uni
11/11/2022;Les Nuits de Mashhad;Holy Spider;Ali Abbasi;12/01/2023;8;Danemark
11/11/2022;Don't Worry Darling;;Olivia Wilde;23/09/2022;7;ГѓВѓГ‚В‰tats-Unis
11/11/2022;Black Adam;;Jaume Collet-Serra;21/10/2022;3;ГѓВѓГ‚В‰tats-Unis
11/11/2022;L'Homme qui murmurait ГѓВѓГ‚В  l'oreille des chevaux;The Horse Whisperer;Robert Redford;15/05/1998;7;ГѓВѓГ‚В‰tats-Unis
11/11/2022;PremiГѓВѓГ‚ВЁres Vacances;;Patrick Cassir;02/01/2019;6;France
11/11/2022;Clueless;;Amy Heckerling;19/06/1995;6;ГѓВѓГ‚В‰tats-Unis
19/11/2022;Le Nouveau Jouet;;James Huth;19/10/2022;6;France
19/11/2022;Balle perdue;;Guillaume Pierret;19/06/2020;6;France
19/11/2022;My Policeman;;Michael Grandage;21/10/2022;6;Royaume-Uni
21/12/2022;Black Swan;;Darren Aronofsky;17/12/2010;7;ГѓВѓГ‚В‰tats-Unis
21/12/2022;Fumer fait tousser;;Quentin Dupieux (Mr. Oizo);30/11/2022;6;France
21/12/2022;Sex and the City, le film;Sex and the City;Michael Patrick King;28/05/2008;4;ГѓВѓГ‚В‰tats-Unis
16/01/2023;Le MГѓВѓГ‚В©decin imaginaire;;Ahmed Hamidi;27/04/2022;5;France
16/01/2023;Permis de construire;;ГѓВѓГ‚В‰ric Fraticelli;09/03/2022;4;France
22/01/2023;La Lutte des classes;;Michel Leclerc;03/04/2019;6;France
29/01/2023;Mayday;Plane;Jean-Francois Richet;13/01/2023;7;ГѓВѓГ‚В‰tats-Unis
29/01/2023;You People;;Kenya Barris;27/01/2023;5;ГѓВѓГ‚В‰tats-Unis
31/01/2023;Babylon;;Damien Chazelle;23/12/2022;10;ГѓВѓГ‚В‰tats-Unis
01/02/2023;Spiderhead;;Joseph Kosinski;17/06/2022;4;ГѓВѓГ‚В‰tats-Unis
01/02/2023;Everything Everywhere All at Once;;Daniel Kwan, Daniel Scheinert;08/04/2022;9;ГѓВѓГ‚В‰tats-Unis
01/02/2023;Avatar - La Voie de l'eau;Avatar: The Way of Water;James Cameron;16/12/2022;7;ГѓВѓГ‚В‰tats-Unis
01/02/2023;Armageddon Time;;James Gray;04/11/2022;7;ГѓВѓГ‚В‰tats-Unis
01/02/2023;Contes du hasard et autres fantaisies;Guzen to sozo;Ryusuke Hamaguchi;17/12/2021;7;Japon
01/02/2023;Incroyable mais vrai;;Quentin Dupieux (Mr. Oizo);15/06/2022;6;France
01/02/2023;The Chef;Boiling Point;Philip Barantini;19/01/2022;7;Royaume-Uni
01/02/2023;Le Menu;The Menu;Mark Mylod;18/11/2022;6;ГѓВѓГ‚В‰tats-Unis
01/02/2023;Le Visiteur du futur;;FranГѓВѓГ‚В§ois Descraques;07/09/2022;6;France
01/02/2023;Thor: Love and Thunder;;Taika Waititi;08/07/2022;4;ГѓВѓГ‚В‰tats-Unis
01/02/2023;Mascarade;;Nicolas Bedos;01/11/2022;5;France
01/02/2023;Black Panther: Wakanda Forever;;Ryan Coogler;11/11/2022;6;ГѓВѓГ‚В‰tats-Unis
01/02/2023;The Northman;;Robert Eggers;22/04/2022;6;ГѓВѓГ‚В‰tats-Unis
07/02/2023;La Famille Asada;Asada-ke!;RyГѓВѓГ‚Вґta Nakano;02/10/2020;9;Japon
07/02/2023;Tirailleurs;;Mathieu Vadepied;04/01/2023;6;France
07/02/2023;AstГѓВѓГ‚В©rix & ObГѓВѓГ‚В©lix - L'Empire du milieu;;Guillaume Canet;01/02/2023;3;France
07/02/2023;Nostalgia;;Mario Martone;25/05/2022;6;Italie
07/02/2023;Argo;;Ben Affleck;12/10/2012;7;ГѓВѓГ‚В‰tats-Unis
07/02/2023;Les DГѓВѓГ‚В©sastreuses Aventures des orphelins Baudelaire;Lemony Snicket's A Series of Unfortunate Events;Brad Silberling;17/12/2004;7;ГѓВѓГ‚В‰tats-Unis
07/02/2023;Toy Story;;John Lasseter;22/11/1995;8;ГѓВѓГ‚В‰tats-Unis
07/02/2023;LГѓВѓГ‚В -haut;Up;Bob Peterson, Pete Docter;28/05/2009;8;ГѓВѓГ‚В‰tats-Unis
07/02/2023;Wall-E;;Andrew Stanton;26/06/2008;8;ГѓВѓГ‚В‰tats-Unis
07/02/2023;Fantasia;;Ben Sharpsteen, James Algar, Samuel Armstrong, Ford Beebe, Norman Ferguson, Jim Handley, T. Hee, Wilfred Jackson, Hamilton Luske, Bill Roberts;01/11/1940;8;ГѓВѓГ‚В‰tats-Unis
07/02/2023;La Soupe aux choux;;Jean Girault;02/12/1981;8;France
07/02/2023;Non-Stop;;Jaume Collet-Serra;21/02/2014;7;France
22/02/2023;Alibi.com 2;;Philippe Lacheau;08/02/2023;7;France
22/02/2023;TГѓВѓГ‚ВЃR;;Todd Field;28/10/2022;7;ГѓВѓГ‚В‰tats-Unis
22/02/2023;Titanic;;James Cameron;18/12/1997;9;ГѓВѓГ‚В‰tats-Unis
24/02/2023;Cinema Paradiso;Nuovo Cinema Paradiso;Giuseppe Tornatore;17/11/1988;9;Italie
07/03/2023;The Son;;Florian Zeller;17/02/2023;8;Royaume-Uni
07/03/2023;La Syndicaliste;;Jean-Paul SalomГѓВѓГ‚В©;01/03/2023;7;France
17/03/2023;RГѓВѓГ‚В©alitГѓВѓГ‚В©;;Quentin Dupieux (Mr. Oizo);18/02/2015;6;France
17/03/2023;Pornhub - Gros plan sur le gГѓВѓГ‚В©ant du sexe;Money Shot: The Pornhub Story;Suzanne Hillinger;15/03/2023;3;ГѓВѓГ‚В‰tats-Unis
09/04/2023;Le Capitaine Volkonogov sГѓВўГ‚ВЂГ‚В™est ГѓВѓГ‚В©chappГѓВѓГ‚В©;Kapitan Volkonogov bezhal;AlexeГѓВѓГ‚ВЇ Tchoupov, Natalia Merkoulova;29/03/2023;8;Russie
09/04/2023;Les Trois Mousquetaires - D'Artagnan;;Martin Bourboulon;05/04/2023;7;France
09/04/2023;Crazy Bear;Cocaine Bear;Elizabeth Banks;24/02/2023;5;ГѓВѓГ‚В‰tats-Unis
09/04/2023;Mon crime;;FranГѓВѓГ‚В§ois Ozon;08/03/2023;6;France
11/04/2023;El buen patrГѓВѓГ‚Віn;;Fernando LeГѓВѓГ‚Віn de Aranoa;15/10/2021;7;Espagne
14/04/2023;Le Chat pottГѓВѓГ‚В© 2 - La derniГѓВѓГ‚ВЁre quГѓВѓГ‚ВЄte;Puss in Boots: The Last Wish;Joel Crawford, Januel Mercado;21/12/2022;7;ГѓВѓГ‚В‰tats-Unis
14/04/2023;Super Mario Bros, le film;The Super Mario Bros. Movie;Aaron Horvath, Michael Jelenic;07/04/2023;8;ГѓВѓГ‚В‰tats-Unis
16/04/2023;La ConfГѓВѓГ‚В©rence;Die Wannseekonferenz;Matti Geschonneck;24/01/2022;7;Allemagne
18/04/2023;Suzume;Suzume no tojimari;Makoto Shinkai;11/11/2022;8;Japon
20/04/2023;Les Complices;;CГѓВѓГ‚В©cilia Rouaud;12/04/2023;7;France
20/04/2023;Bonne conduite;;Jonathan BarrГѓВѓГ‚В©;29/03/2023;7;France
21/04/2023;La DerniГѓВѓГ‚ВЁre Reine;El Akhira;Damien Ounouri, Adila Bendimerad;19/04/2023;7;France
22/04/2023;About Kim Sohee;Daeum So-Hee;Jeong Joo-ri (July Jung);08/02/2023;7;CorГѓВѓГ‚В©e du Sud
23/04/2023;Burning Days;Kurak GГѓВѓГ‚Вјnler;Emin Alper;09/12/2022;7;Turquie
25/04/2023;Rush Hour 2;;Brett Ratner;03/08/2001;6;ГѓВѓГ‚В‰tats-Unis
29/04/2023;The Fabelmans;;Steven Spielberg;23/11/2022;8;ГѓВѓГ‚В‰tats-Unis
29/04/2023;Hokusai;;Hajime Hashimoto;28/05/2021;6;Japon
29/04/2023;Mon Ket;;FranГѓВѓГ‚В§ois Damiens;30/05/2018;6;Belgique
06/05/2023;La GravitГѓВѓГ‚В©;;CГѓВѓГ‚В©dric Ido;03/05/2023;5;France
16/05/2023;Les Gardiens de la galaxie Vol. 3;Guardians of the Galaxy Vol. 3;James Gunn;05/05/2023;8;ГѓВѓГ‚В‰tats-Unis
17/05/2023;Fast & Furious X;Fast X;Louis Leterrier;19/05/2023;3;ГѓВѓГ‚В‰tats-Unis
20/05/2023;Sakra, la lГѓВѓГ‚В©gende des demis-dieux;Tin lung baat bou;Donnie Yen;19/01/2023;5;Chine
26/05/2023;Oranges sanguines;;Jean-Christophe Meurisse;17/11/2021;5;France
26/05/2023;Selfie;;Vianney Lebasque, Cyril Gelblat, Marc Fitoussi, Thomas Bidegain, Tristan Aurouet;15/01/2020;5;France
26/05/2023;Ant-Man et la GuГѓВѓГ‚ВЄpe - Quantumania;Ant-Man and the Wasp: Quantumania;Peyton Reed;17/02/2023;4;ГѓВѓГ‚В‰tats-Unis
26/05/2023;Ghost Dog - La Voie du samouraГѓВѓГ‚ВЇ;Ghost Dog: The Way of the Samurai;Jim Jarmusch;18/05/1999;9;ГѓВѓГ‚В‰tats-Unis
26/05/2023;La Haine;;Mathieu Kassovitz;31/05/1995;9;France
26/05/2023;Avengers: Infinity War;;Anthony Russo, Joe Russo;04/05/2018;7;ГѓВѓГ‚В‰tats-Unis
26/05/2023;Pirates des CaraГѓВѓГ‚ВЇbes - Jusqu'au bout du monde;Pirates of the Caribbean: At World's End;Gore Verbinski;23/05/2007;6;ГѓВѓГ‚В‰tats-Unis
26/05/2023;Tonnerre sous les tropiques;Tropic Thunder;Ben Stiller;13/08/2008;7;ГѓВѓГ‚В‰tats-Unis
26/05/2023;Machete;;Ethan Maniquis, Robert Rodriguez;03/09/2010;6;ГѓВѓГ‚В‰tats-Unis
26/05/2023;La Nuit au musГѓВѓГ‚В©e;Night at the Museum;Shawn Levy;21/12/2006;6;ГѓВѓГ‚В‰tats-Unis
26/05/2023;Fantastic Mr. Fox;;Wes Anderson;23/10/2009;7;ГѓВѓГ‚В‰tats-Unis
26/05/2023;Les ChГѓВѓГ‚ВЁvres du Pentagone;The Men Who Stare at Goats;Grant Heslov;06/11/2009;7;ГѓВѓГ‚В‰tats-Unis
26/05/2023;Mon beau-pГѓВѓГ‚ВЁre et moi;Meet the Parents;Jay Roach;06/10/2000;7;ГѓВѓГ‚В‰tats-Unis
26/05/2023;La Guerre des boutons;;Yves Robert;18/04/1962;7;France
26/05/2023;Le ChГѓВѓГ‚Вўteau dans le ciel;TenkГѓВѓГ‚В» no shiro Rapyuta;Hayao Miyazaki;02/08/1986;8;Japon
26/05/2023;La Vague;Die Welle;Dennis Gansel;13/03/2008;7;Allemagne
26/05/2023;Ted;;Seth MacFarlane;29/06/2012;6;ГѓВѓГ‚В‰tats-Unis
26/05/2023;Les Indestructibles;The Incredibles;Brad Bird;05/11/2004;8;ГѓВѓГ‚В‰tats-Unis
26/05/2023;Les Visiteurs;;Jean-Marie PoirГѓВѓГ‚В©;27/01/1993;7;France
26/05/2023;Le PГѓВѓГ‚В©ril jeune;;CГѓВѓГ‚В©dric Klapisch;21/05/1994;7;France
26/05/2023;ГѓВѓГ‚ВЂ la recherche du bonheur;The Pursuit of Happyness;Gabriele Muccino;15/12/2006;7;ГѓВѓГ‚В‰tats-Unis
26/05/2023;Monstres & Cie;Monsters, Inc.;David Silverman, Lee Unkrich, Pete Docter;02/11/2001;7;ГѓВѓГ‚В‰tats-Unis
26/05/2023;Le Gendarme de Saint-Tropez;;Jean Girault;09/09/1964;6;France
26/05/2023;Le PГѓВѓГ‚Вґle Express;The Polar Express;Robert Zemeckis;10/11/2004;7;ГѓВѓГ‚В‰tats-Unis
26/05/2023;The Dictator;;Larry Charles;20/06/2012;6;ГѓВѓГ‚В‰tats-Unis
26/05/2023;300;;Zack Snyder;07/03/2007;7;ГѓВѓГ‚В‰tats-Unis
26/05/2023;Toy Story 2;;John Lasseter, Ash Brannon, Lee Unkrich;24/11/1999;8;ГѓВѓГ‚В‰tats-Unis
26/05/2023;Nos jours heureux;;Olivier Nakache, Eric Toledano;28/06/2006;7;France
26/05/2023;Source Code;;Duncan Jones;31/03/2011;6;ГѓВѓГ‚В‰tats-Unis
26/05/2023;Pirates des CaraГѓВѓГ‚ВЇbes - Le Secret du coffre maudit;Pirates of the Caribbean: Dead Man's Chest;Gore Verbinski;24/06/2006;6;ГѓВѓГ‚В‰tats-Unis
26/05/2023;Baby-sitting Jack-Jack;Jack-Jack Attack;Brad Bird;15/03/2005;7;ГѓВѓГ‚В‰tats-Unis
26/05/2023;El reino;;Rodrigo Sorogoyen;28/09/2018;9;Espagne
26/05/2023;The Guilty;Den skyldige;Gustav MГѓВѓГ‚В¶ller;14/06/2018;9;Danemark
26/05/2023;Didier;;Alain Chabat;29/01/1997;6;France
26/05/2023;Beethoven;;Brian Levant;03/04/1992;6;ГѓВѓГ‚В‰tats-Unis
26/05/2023;Megamind;;Tom McGrath;05/11/2010;6;ГѓВѓГ‚В‰tats-Unis
26/05/2023;L'Auberge espagnole;;CГѓВѓГ‚В©dric Klapisch;19/06/2002;7;France
26/05/2023;La Famille Tenenbaum;The Royal Tenenbaums;Wes Anderson;14/12/2001;6;ГѓВѓГ‚В‰tats-Unis
26/05/2023;Phone Game;Phone Booth;Joel Schumacher;04/04/2003;7;ГѓВѓГ‚В‰tats-Unis
26/05/2023;Lilo & Stitch;;Dean Deblois, Chris Sanders;21/06/2002;7;ГѓВѓГ‚В‰tats-Unis
26/05/2023;Le Monde de Nemo;Finding Nemo;Andrew Stanton, Lee Unkrich;30/05/2003;8;ГѓВѓГ‚В‰tats-Unis
26/05/2023;Star Wars - ГѓВѓГ‚В‰pisode II : L'Attaque des clones;Star Wars: Episode II - Attack of the Clones;George Lucas;16/05/2002;6;ГѓВѓГ‚В‰tats-Unis
26/05/2023;Entre les murs;;Laurent Cantet;24/09/2008;7;France
26/05/2023;Shrek 2;;Andrew Adamson, Kelly Asbury, Conrad Vernon;19/05/2004;7;ГѓВѓГ‚В‰tats-Unis
26/05/2023;Mary ГѓВѓГ‚В  tout prix;There's Something About Mary;Bobby Farrelly, Peter Farrelly;15/07/1998;7;ГѓВѓГ‚В‰tats-Unis
26/05/2023;Les 11 Commandements;;FranГѓВѓГ‚В§ois Desagnat, Thomas Sorriaux;04/02/2004;6;France
26/05/2023;La Nuit au musГѓВѓГ‚В©e 2;Night at the Museum: Battle of the Smithsonian;Shawn Levy;20/05/2009;6;ГѓВѓГ‚В‰tats-Unis
26/05/2023;Star Wars - ГѓВѓГ‚В‰pisode I : La Menace fantГѓВѓГ‚Вґme;Star Wars: Episode I - The Phantom Menace;George Lucas;19/05/1999;7;ГѓВѓГ‚В‰tats-Unis
26/05/2023;La Tour Montparnasse infernale;;Charles Nemes;28/03/2001;6;France
26/05/2023;Bean;;Mel Smith;03/07/1997;6;Royaume-Uni
26/05/2023;Chicken Run;;Peter Lord, Nick Park;23/06/2000;7;Royaume-Uni
26/05/2023;Rango;;Gore Verbinski;23/03/2011;7;ГѓВѓГ‚В‰tats-Unis
26/05/2023;Avengers;The Avengers;Joss Whedon;04/05/2012;8;ГѓВѓГ‚В‰tats-Unis
26/05/2023;The Truman Show;;Peter Weir;05/06/1998;8;ГѓВѓГ‚В‰tats-Unis
26/05/2023;Ocean's Eleven;;Steven Soderbergh;07/12/2001;8;ГѓВѓГ‚В‰tats-Unis
26/05/2023;Mon beau-pГѓВѓГ‚ВЁre, mes parents et moi;Meet the Fockers;Jay Roach;16/12/2004;7;ГѓВѓГ‚В‰tats-Unis
26/05/2023;Good Bye, Lenin !;;Wolfgang Becker;13/02/2003;7;Allemagne
26/05/2023;World War Z;;Marc Forster;02/06/2013;6;ГѓВѓГ‚В‰tats-Unis
26/05/2023;Le StratГѓВѓГ‚ВЁge;Moneyball;Bennett Miller;23/09/2011;7;ГѓВѓГ‚В‰tats-Unis
26/05/2023;Kirikou et la SorciГѓВѓГ‚ВЁre;;Michel Ocelot;09/12/1998;8;France
26/05/2023;Cars - Quatre Roues;Cars;John Lasseter, Joe Ranft;09/06/2006;7;ГѓВѓГ‚В‰tats-Unis
26/05/2023;Un petit boulot;;Pascal Chaumeil;31/08/2016;7;France
26/05/2023;FantГѓВѓГ‚Вґmas se dГѓВѓГ‚В©chaГѓВѓГ‚В®ne;;AndrГѓВѓГ‚В© Hunebelle;08/12/1965;6;France
26/05/2023;8 Mile;;Curtis Hanson;06/11/2002;8;ГѓВѓГ‚В‰tats-Unis
26/05/2023;Un FranГѓВѓГ‚В§ais;;DiastГѓВѓГ‚ВЁme;10/06/2015;6;France
26/05/2023;L'Hermine;;Christian Vincent;18/11/2015;7;France
26/05/2023;Babysitting;;Philippe Lacheau, Nicolas Benamou;16/04/2014;6;France
26/05/2023;Ted 2;;Seth MacFarlane;26/06/2015;6;ГѓВѓГ‚В‰tats-Unis
26/05/2023;Bienvenue chez les Ch'tis;;Dany Boon;27/02/2008;6;France
26/05/2023;Le Gangster, le flic & l'assassin;Akinjeon;Lee Won-Tae;15/05/2019;8;CorГѓВѓГ‚В©e du Sud
26/05/2023;Le Vent de la libertГѓВѓГ‚В©;Ballon;"Michael ""Bully"" Herbig";27/09/2018;8;Allemagne
26/05/2023;Kung Fu Panda;;Mark Osborne, John Stevenson;06/06/2008;8;ГѓВѓГ‚В‰tats-Unis
26/05/2023;Les Aristochats;The Aristocats;Wolfgang Reitherman;11/12/1970;7;ГѓВѓГ‚В‰tats-Unis
26/05/2023;Le Kid;The Kid;Charlie Chaplin;06/02/1921;7;ГѓВѓГ‚В‰tats-Unis
26/05/2023;Docteur Folamour;Dr. Strangelove or: How I Learned to Stop Worrying and Love the Bomb;Stanley Kubrick;29/01/1964;7;ГѓВѓГ‚В‰tats-Unis
26/05/2023;Adieu Paris;;ГѓВѓГ‚В‰douard Baer;26/01/2022;5;France
29/05/2023;Omar la fraise;;Elias Belkeddar;24/05/2023;6;France
29/05/2023;Les Vengeances de MaГѓВѓГ‚В®tre Poutifard;;Pierre-FranГѓВѓГ‚В§ois Martin-Laval;28/06/2023;6;France
29/05/2023;Jeanne du Barry;;MaГѓВѓГ‚ВЇwenn;16/05/2023;7;France
30/05/2023;Umami;;Slony Sow;17/05/2023;6;France
01/06/2023;Spider-Man: Across the Spider-Verse;;Joaquim Dos Santos, Kemp Powers, Justin K. Thompson;02/06/2023;10;ГѓВѓГ‚В‰tats-Unis
09/06/2023;DerniГѓВѓГ‚ВЁre nuit ГѓВѓГ‚В  Milan;L'ultima notte di Amore;Andrea Di Stefano;09/03/2023;8;Italie
18/06/2023;Batman Begins;;Christopher Nolan;10/06/2005;7;ГѓВѓГ‚В‰tats-Unis
18/06/2023;The Dark Knight - Le Chevalier noir;The Dark Knight;Christopher Nolan;16/07/2008;9;ГѓВѓГ‚В‰tats-Unis
18/06/2023;A Bittersweet Life;Dalkomhan Insaeng;Kim Jee-Woon;01/04/2005;8;CorГѓВѓГ‚В©e du Sud
20/06/2023;Love Life;;KГѓВ…Г‚ВЌji Fukada;09/09/2022;7;Japon
21/06/2023;Roulez jeunesse;;Julien Guetta;25/07/2018;6;France
25/06/2023;Nous trois ou rien;;Kheiron;04/11/2015;7;France
25/06/2023;Asteroid City;;Wes Anderson;23/06/2023;6;ГѓВѓГ‚В‰tats-Unis
01/07/2023;2001 : L'OdyssГѓВѓГ‚В©e de l'espace;2001: A Space Odyssey;Stanley Kubrick;03/04/1968;10;ГѓВѓГ‚В‰tats-Unis
02/07/2023;Le Principal;;Chad Chenouga;10/05/2023;5;France
02/07/2023;La Maleta;Objetos;Jorge Dorado;30/09/2022;6;Espagne
02/07/2023;Transformers: Rise of the Beasts;;Steven Caple Jr.;09/06/2023;3;ГѓВѓГ‚В‰tats-Unis
04/07/2023;Indiana Jones et le cadran de la destinГѓВѓГ‚В©e;Indiana Jones and the Dial of Destiny;James Mangold;30/06/2023;6;ГѓВѓГ‚В‰tats-Unis
18/07/2023;Limbo;ZhГѓВѓГ‚В¬chГѓВ‡Г‚Вђ;Soi Cheang;18/11/2021;8;Hong Kong
20/07/2023;Le Parrain;The Godfather;Francis Ford Coppola;24/03/1972;10;ГѓВѓГ‚В‰tats-Unis
22/07/2023;Oppenheimer;;Christopher Nolan;21/07/2023;9;ГѓВѓГ‚В‰tats-Unis
25/07/2023;Dobermann;;Jan Kounen;18/06/1997;6;France
25/07/2023;Barbie;;Greta Gerwig;21/07/2023;7;ГѓВѓГ‚В‰tats-Unis
25/07/2023;In the Mood for Love;Fa yeung nin wa;Wong Kar-Wai;29/09/2000;9;Hong Kong
26/07/2023;Call Me by Your Name;;Luca Guadagnino;25/01/2018;6;Italie
26/07/2023;Les Indestructibles 2;Incredibles 2;Brad Bird;15/06/2018;6;ГѓВѓГ‚В‰tats-Unis
26/07/2023;BlacKkKlansman - J'ai infiltrГѓВѓГ‚В© le Ku Klux Klan;BlacKkKlansman;Spike Lee;10/08/2018;8;ГѓВѓГ‚В‰tats-Unis
26/07/2023;Les Gardiens de la galaxie Vol. 2;Guardians of the Galaxy Vol. 2;James Gunn;26/04/2017;6;ГѓВѓГ‚В‰tats-Unis
26/07/2023;Five;;Igor Gotesman;30/03/2016;6;France
26/07/2023;Dofus - Livre 1 : Julith;;Jean-Jacques Denis, Anthony Roux (Tot);03/02/2016;7;France
31/07/2023;The First Slam Dunk;;Takehiko Inoue;03/12/2022;8;Japon
03/08/2023;Yannick;;Quentin Dupieux (Mr. Oizo);02/08/2023;7;France
05/08/2023;On dirait la planГѓВѓГ‚ВЁte Mars;;StГѓВѓГ‚В©phane Lafleur;30/09/2022;7;Canada
07/08/2023;Joker;;Todd Phillips;04/10/2019;8;ГѓВѓГ‚В‰tats-Unis
07/08/2023;Sur la branche;;Marie Garel-Weiss;26/07/2023;6;France
07/08/2023;French Connection;The French Connection;William Friedkin;09/10/1971;7;ГѓВѓГ‚В‰tats-Unis
13/08/2023;Million Dollar Baby;;Clint Eastwood;15/12/2004;7;ГѓВѓГ‚В‰tats-Unis
13/08/2023;Da Vinci Code;The Da Vinci Code;Ron Howard;17/05/2006;5;ГѓВѓГ‚В‰tats-Unis
15/08/2023;Blade Runner 2049;;Denis Villeneuve;06/10/2017;9;ГѓВѓГ‚В‰tats-Unis
16/08/2023;Gran Turismo;;Neill Blomkamp;25/08/2023;7;ГѓВѓГ‚В‰tats-Unis
16/08/2023;Ocean's Twelve;;Steven Soderbergh;10/12/2004;6;ГѓВѓГ‚В‰tats-Unis
16/08/2023;La Grande Aventure LEGO;The LEGO Movie;Phil Lord, Christopher Miller;07/02/2014;7;ГѓВѓГ‚В‰tats-Unis
16/08/2023;Tatie Danielle;;ГѓВѓГ‚В‰tienne Chatiliez;04/04/1990;7;France
16/08/2023;X-Men: Days of Future Past;;Bryan Singer;23/05/2014;6;ГѓВѓГ‚В‰tats-Unis
16/08/2023;Un Indien dans la ville;;HervГѓВѓГ‚В© Palud;14/12/1994;6;France
16/08/2023;Mais qui a tuГѓВѓГ‚В© Pamela Rose ?;;ГѓВѓГ‚В‰ric Lartigau;04/06/2003;6;France
16/08/2023;FrГѓВѓГ‚ВЁre des ours;Brother Bear;Bob Walker, Aaron Blaise;24/10/2003;6;ГѓВѓГ‚В‰tats-Unis
16/08/2023;Benjamin Gates et le TrГѓВѓГ‚В©sor des Templiers;National Treasure;Jon Turteltaub;19/11/2004;6;ГѓВѓГ‚В‰tats-Unis
16/08/2023;Mission: Impossible - Protocole fantГѓВѓГ‚Вґme;Mission: Impossible - Ghost Protocol;Brad Bird;13/12/2011;7;ГѓВѓГ‚В‰tats-Unis
16/08/2023;Jack Reacher;;Christopher McQuarrie;20/12/2012;6;ГѓВѓГ‚В‰tats-Unis
16/08/2023;Bruce tout-puissant;Bruce Almighty;Tom Shadyac;23/05/2003;6;ГѓВѓГ‚В‰tats-Unis
16/08/2023;Arthur et les Minimoys;;Luc Besson;13/12/2006;6;France
16/08/2023;Wallace et Gromit - Le MystГѓВѓГ‚ВЁre du Lapin-garou;Wallace and Gromit: The Curse of the Were-Rabbit;Nick Park, Steve Box;15/09/2005;7;Royaume-Uni
16/08/2023;La Belle et le Clochard;Lady and the Tramp;Clyde Geronimi, Wilfred Jackson, Hamilton Luske;16/06/1955;6;ГѓВѓГ‚В‰tats-Unis
16/08/2023;Le PrГѓВѓГ‚В©nom;;Alexandre de La PatelliГѓВѓГ‚ВЁre, Matthieu Delaporte;25/04/2012;7;France
16/08/2023;Aviator;The Aviator;Martin Scorsese;25/12/2004;7;ГѓВѓГ‚В‰tats-Unis
16/08/2023;Les PoupГѓВѓГ‚В©es russes;;CГѓВѓГ‚В©dric Klapisch;15/06/2005;6;France
16/08/2023;Cendrillon;Cinderella;Wilfred Jackson, Hamilton Luske, Clyde Geronimi;15/02/1950;7;ГѓВѓГ‚В‰tats-Unis
16/08/2023;Les Petits Mouchoirs;;Guillaume Canet;20/10/2010;6;France
16/08/2023;L'ГѓВѓГ‚В‚ge de glace 3 - Le Temps des dinosaures;Ice Age: Dawn of the Dinosaurs;Carlos Saldanha, Mike Thurmeier;26/06/2009;6;ГѓВѓГ‚В‰tats-Unis
16/08/2023;La Vie des autres;Das Leben der Anderen;Florian Henckel von Donnersmarck;23/03/2006;7;Allemagne
16/08/2023;Germinal;;Claude Berri;29/09/1993;7;France
16/08/2023;Treize ГѓВѓГ‚В  la douzaine;Cheaper by the Dozen;Shawn Levy;25/12/2003;6;ГѓВѓГ‚В‰tats-Unis
16/08/2023;Les Schtroumpfs;The Smurfs;Raja Gosnell;29/07/2011;6;ГѓВѓГ‚В‰tats-Unis
16/08/2023;Le TatouГѓВѓГ‚В©;;Denys de La PatelliГѓВѓГ‚ВЁre;18/09/1968;6;France
16/08/2023;La Nuit au musГѓВѓГ‚В©e - Le secret des pharaons;Night at the Museum: Secret of the Tomb;Shawn Levy;25/12/2014;6;ГѓВѓГ‚В‰tats-Unis
16/08/2023;Le Grand Soir;;BenoГѓВѓГ‚В®t DelГѓВѓГ‚В©pine, Gustave Kervern;06/06/2012;6;France
16/08/2023;J. Edgar;;Clint Eastwood;11/11/2011;7;ГѓВѓГ‚В‰tats-Unis
16/08/2023;Le Gendarme et les extra-terrestres;;Jean Girault;31/01/1979;5;France
16/08/2023;Benjamin Gates et le Livre des secrets;National Treasure: Book of Secrets;Jon Turteltaub;21/12/2007;5;ГѓВѓГ‚В‰tats-Unis
16/08/2023;NumГѓВѓГ‚В©ro 9;9;Shane Acker;19/08/2009;7;ГѓВѓГ‚В‰tats-Unis
16/08/2023;Matrix Revolutions;The Matrix Revolutions;Lilly Wachowski, Lana Wachowski;05/11/2003;7;ГѓВѓГ‚В‰tats-Unis
16/08/2023;The Front Runner;;Jason Reitman;21/11/2018;7;ГѓВѓГ‚В‰tats-Unis
16/08/2023;Ceux qui travaillent;;Antoine Russbach;25/09/2019;8;Suisse
16/08/2023;Adults in the Room;;Costa-Gavras;29/09/2019;7;France
16/08/2023;Little Miss Sunshine;;Jonathan Dayton, Valerie Faris;18/08/2006;7;ГѓВѓГ‚В‰tats-Unis
20/08/2023;Akira;;Katsuhiro ГѓВѓГ‚В”tomo;16/07/1988;9;Japon
20/08/2023;Scream;;Wes Craven;20/12/1996;7;ГѓВѓГ‚В‰tats-Unis
20/08/2023;Le Dernier Roi d'ГѓВѓГ‚В‰cosse;The Last King of Scotland;Kevin Macdonald;27/09/2006;8;Royaume-Uni
24/08/2023;Persepolis;;Marjane Satrapi, Vincent Paronnaud (Winshluss);27/06/2007;9;France
28/08/2023;Hypnotic;;Robert Rodriguez;12/05/2023;7;ГѓВѓГ‚В‰tats-Unis
29/08/2023;Au poste !;;Quentin Dupieux (Mr. Oizo);04/07/2018;7;France
29/08/2023;Le Grand Bain;;Gilles Lellouche;24/10/2018;6;France
29/08/2023;Inspecteur la Bavure;;Claude Zidi;03/12/1980;6;France
29/08/2023;Les dieux sont tombГѓВѓГ‚В©s sur la tГѓВѓГ‚ВЄte;The Gods Must Be Crazy;Jamie Uys;10/09/1980;6;Afrique du Sud
02/09/2023;Bad Lieutenant;;Abel Ferrara;17/12/1992;7;ГѓВѓГ‚В‰tats-Unis
02/10/2023;The Creator;;Gareth Edwards;29/09/2023;9;ГѓВѓГ‚В‰tats-Unis
23/11/2023;NapolГѓВѓГ‚В©on;Napoleon;Ridley Scott;22/11/2023;4;ГѓВѓГ‚В‰tats-Unis
21/12/2023;Anastasia;;Don Bluth, Gary Goldman;21/11/1997;7;ГѓВѓГ‚В‰tats-Unis
21/12/2023;Sans filtre;Triangle of Sadness;Ruben ГѓВѓГ‚В–stlund;28/09/2022;7;SuГѓВѓГ‚ВЁde
21/12/2023;Fast & Furious : Tokyo Drift;The Fast and the Furious: Tokyo Drift;Justin Lin;16/06/2006;6;ГѓВѓГ‚В‰tats-Unis
21/12/2023;ГѓВѓГ‚ВЂ plein temps;;ГѓВѓГ‚В‰ric Gravel;16/03/2022;7;France
21/12/2023;Nos soleils;AlcarrГѓВѓГ‚В s;Carla SimГѓВѓГ‚Віn;29/04/2022;7;Espagne
21/12/2023;Le Stade;;Matthieu Vollaire, Eric Hannezo;13/04/2022;6;France
21/12/2023;NoГѓВѓГ‚В«l est servi;Catering Christmas;T.W. Peacocke;29/10/2022;4;Canada
16/06/2024;Old Boy;Oldeuboi;Park Chan-Wook;21/11/2003;10;CorГѓВѓГ‚В©e du Sud
16/06/2024;Memories of Murder;Salinui Chueok;Bong Joon-Ho;02/05/2003;10;CorГѓВѓГ‚В©e du Sud
26/09/2024;Interstellar;;Christopher Nolan;05/11/2014;10;ГѓВѓГ‚В‰tats-Unis
27/11/2024;L'ГѓВѓГ‚В‚me des guerriers;Once Were Warriors;Lee Tamahori;02/09/1994;8;Nouvelle-ZГѓВѓГ‚В©lande
27/11/2024;Tetris;;Jon S. Baird;31/03/2023;7;Royaume-Uni
27/11/2024;Vice-versa 2;Inside Out 2;Kelsey Mann;14/06/2024;7;ГѓВѓГ‚В‰tats-Unis
27/11/2024;Pegasus 2;Fei Chi Ren Sheng 2;HГѓВѓГ‚ВЎn HГѓВѓГ‚ВЎn;10/02/2024;6;Chine
27/11/2024;Heureux gagnants;;Maxime Govare, Romain Choay;13/03/2024;6;France
27/11/2024;Le DeuxiГѓВѓГ‚ВЁme Acte;;Quentin Dupieux (Mr. Oizo);14/05/2024;6;France
27/11/2024;Tout simplement noir;;John Wax, Jean-Pascal Zadi;08/07/2020;6;France
02/03/2025;The Substance;;Coralie Fargeat;20/09/2024;7;France
29/06/2025;F1 - Le Film;F1: The Movie;Joseph Kosinski;27/06/2025;8;ГѓВѓГ‚В‰tats-Unis
29/06/2025;Harry Potter ГѓВѓГ‚В  l'ГѓВѓГ‚В©cole des sorciers;Harry Potter and the Sorcerer's Stone;Chris Columbus;16/11/2001;7;Royaume-Uni
29/06/2025;Harry Potter et la chambre des secrets;Harry Potter and the Chamber of Secrets;Chris Columbus;15/11/2002;7;Royaume-Uni
29/06/2025;Harry Potter et la coupe de feu;Harry Potter and the Goblet of Fire;Mike Newell;18/11/2005;7;Royaume-Uni
29/06/2025;Harry Potter et les reliques de la mort - 1ГѓВѓГ‚ВЁre partie;Harry Potter and the Deathly Hallows: Part 1;David Yates;11/11/2010;7;Royaume-Uni
29/06/2025;Harry Potter et les reliques de la mort - 2ГѓВѓГ‚ВЁme partie;Harry Potter and the Deathly Hallows: Part 2;David Yates;15/07/2011;7;Royaume-Uni
29/06/2025;Harry Potter et le prince de sang-mГѓВѓГ‚ВЄlГѓВѓГ‚В©;Harry Potter and the Half-Blood Prince;David Yates;06/07/2009;7;Royaume-Uni
29/06/2025;Mission: Impossible - The Final Reckoning;;Christopher McQuarrie;23/05/2025;7;ГѓВѓГ‚В‰tats-Unis
29/06/2025;Bullet Train Explosion;Shinkansen Daibakuha;Shinji Higuchi;23/04/2025;7;Japon
03/10/2025;Fury;;David Ayer;17/10/2014;8;ГѓВѓГ‚В‰tats-Unis
23/10/2025;Lost in Translation;;Sofia Coppola;03/10/2003;8;ГѓВѓГ‚В‰tats-Unis
16/01/2026;La Ley de herodes;;Luis Estrada;;7;Mexique
20/01/2026;Loups-garous;;FranГѓВѓГ‚В§ois Uzan;23/10/2024;4;France
20/01/2026;8 rue de l'HumanitГѓВѓГ‚В©;;Dany Boon;20/10/2021;5;France
20/01/2026;Lune de miel avec ma mГѓВѓГ‚ВЁre;;Nicolas Cuche;12/02/2025;4;France
20/01/2026;La Revanche d'une blonde;Legally Blonde;Robert Luketic;26/06/2001;5;ГѓВѓГ‚В‰tats-Unis
20/01/2026;La Blonde contre-attaque;Legally Blonde 2: Red, White & Blonde;Charles Herman-Wurmfeld;02/07/2003;4;ГѓВѓГ‚В‰tats-Unis
24/01/2026;Jules;;Marc Turtletaub;11/08/2023;5;ГѓВѓГ‚В‰tats-Unis
24/01/2026;Matilda;;Danny DeVito;02/08/1996;6;ГѓВѓГ‚В‰tats-Unis
26/01/2026;En fanfare;;Emmanuel Courcol;27/11/2024;7;France
26/01/2026;Nobody 2;;Timo Tjahjanto;15/08/2025;6;ГѓВѓГ‚В‰tats-Unis
08/02/2026;Paradise;;Boris Kunz, Tomas JonsgГѓВѓГ‚ВҐrden, Indre Juskute;27/07/2023;7;Allemagne
14/02/2026;En sursis;Cradle 2 the Grave;Andrzej Bartkowiak;28/02/2003;5;ГѓВѓГ‚В‰tats-Unis
02/03/2026;Big;Big;Penny Marshall;10/08/1988;7;ГѓВѓГ‚В‰tats-Unis
03/03/2026;Jumeaux;Twins;Ivan Reitman;02/03/1989;6;ГѓВѓГ‚В‰tats-Unis
16/03/2026;Superintelligence;Superintelligence;Ben Falcone;13/08/2021;2;ГѓВѓГ‚В‰tats-Unis
17/03/2026;Twisters;Twisters;lee Isaac Chung;17/07/2025;6;ГѓВѓГ‚В‰tats-Unis
20/03/2026;ArrГѓВѓГ‚ВЄte moi si tu peux;Catch Me if You Can;Steven Spielberg;12/02/2003;7;ГѓВѓГ‚В‰tats-Unis
26/04/2026;La femme la plus riche du monde;La femme la plus riche du monde;Thierry Klifa;29/10/2025;7;France
09/05/2026;L'attachement;L'attachement;Carine Tardieu;19/02/2025;7;France
16/04/2026;Super Mario Galaxy;;;17/05/2026;7;Г‰tats Unis